0000000000018700
0000000000000000
0000000000000000
0000000000000000
5F3FF4F066000006
CBC004005F3FE5F0
00000000F0040000
00046D988B800C00
000186C08B800E00
000011118BD00D00
5E000D404C0000EC
4BD00D0061480005
57880EE05C000DE0
8BD00C00745FFEEC
5E000C4000002222
00046D588B800C00
8BD00E004BD00500
5F300C5000003333
5E2FB5F05E000E40
8C1000C05A2FBCF0
6144000A00001387
6C0000006C000000
57880CC05A2FBCF0
5A2FBCF05E2FBCF0
000013888C1000C0
8BD00C00613BFFFA
5E000C4000004444
00000124A3000000
4BD000005E000540
A30000004BD00100
6C010000000134A4
11F0000011F00000
8B800C0066000003
5B300CC0000185FC
6280000C742003C0
4C10A00066800000
F0010010CBC00E00
CBC00C0000000000
00000000F0010000
6C000000614C000A
49001DD05A000DE0
4BD0DD00747FFED0
6C0000005E000DC0
6C0000006C000000
49001DD05A000DE0
55480E00747FFED0
668000005E000EC0
11F0000011F00000
8B800C0066000003
5B300CC000018584
6280000C742004C0
6680000055480CC0
F0010010CBC00C00
6C00000000000000
49002EE05A000EC0
CBC00C00747FFEE0
00000000F0010008
55480CC05A000CC0
6600000366800000
FFFFFF28A3000000
668000004BD00C00
A300000066000003
55480CC0FFFFFF94
6600000066800000
000185108B800C00
FFFFFFCC8B800E00
000185208B800D00
FFFFFFD08B800B00
5F302BD05F301EC0
4BD02A004BD01B00
8B800B005C202BD0
5C202AC00001851C
8B800E005F301EB0
5C202AB00001852C
8B800C005F300CE0
8B800E0000018524
5F300DC000018524
668000005F300BE0
4BD00C0066000001
F0060804CBC00E00
4BD06D0000000000
4BD00A004BD07B00
6C00000061000008
6C0000006C000000
8C1800A057880AA0
6148002800000020
5E2FFCF05E000DE0
4C1310905AAFF9F0
6C0000006134000A
6C0000006C000000
578809905A2FF9F0
5AAFF9F05E2FF9F0
612BFFFB4C132090
5E2FFCF05E000BE0
4C1310905AAFF9F0
6C00000061340008
578809905A2FF9F0
5AAFF9F05E2FF9F0
612BFFFB4C132090
5E2FFCF05E000DE0
4C1310905AAFF9F0
6C0000006137FFDE
578809905A2FF9F0
5AAFF9F05E2FF9F0
612BFFFB4C132090
4BD02D006103FFD6
5E000DE04BD00C00
5AAFFDF05E2FFCF0
613400094C1310D0
6C0000006C000000
57880DD05A2FFDF0
5AAFFDF05E2FFDF0
612BFFFB4C1320D0
5E000DE04BD03D00
5AAFFCF05E2FFCF0
613400074C1310C0
57880CC05A2FFCF0
5AAFFCF05E2FFCF0
612BFFFB4C1320C0
4BD00C004BD02D00
5E2FFCF05E000DE0
4C1310D05AAFFDF0
6C0000006134000A
6C0000006C000000
57880DD05A2FFDF0
5AAFFDF05E2FFDF0
612BFFFB4C1320D0
5E000DE04BD06D00
5AAFFCF05E2FFCF0
613400074C1310C0
57880CC05A2FFCF0
5AAFFCF05E2FFCF0
612BFFFB4C1320C0
4BD00C004BD07D00
5E2FFCF05E000DE0
4C1310D05AAFFDF0
6C0000006134000A
6C0000006C000000
57880DD05A2FFDF0
5AAFFDF05E2FFDF0
612BFFFB4C1320D0
5E000DE04BD06D00
5AAFFCF05E2FFCF0
613400074C1310C0
57880CC05A2FFCF0
5AAFFCF05E2FFCF0
612BFFFB4C1320C0
5E000DE04BD00C00
5AAFFDF05E2FFCF0
613400074C1310D0
57880DD05A2FFDF0
5AAFFDF05E2FFDF0
612BFFFB4C1320D0
5E000DE04BD07D00
5AAFFCF05E2FFCF0
613400074C1310C0
57880CC05A2FFCF0
5AAFFCF05E2FFCF0
612BFFFB4C1320C0
4BD00C004BD06D00
5E2FFCF05E000DE0
4C1310D05AAFFDF0
6C0000006134000A
6C0000006C000000
57880DD05A2FFDF0
5AAFFDF05E2FFDF0
612BFFFB4C1320D0
5E000DE04BD02D00
5AAFFCF05E2FFCF0
613400074C1310C0
57880CC05A2FFCF0
5AAFFCF05E2FFCF0
612BFFFB4C1320C0
4BD00C004BD03D00
5E2FFCF05E000DE0
4C1310D05AAFFDF0
6C0000006134000A
6C0000006C000000
57880DD05A2FFDF0
5AAFFDF05E2FFDF0
612BFFFB4C1320D0
5E000DE04BD02D00
5AAFFCF05E2FFCF0
613400074C1310C0
57880CC05A2FFCF0
5AAFFCF05E2FFCF0
612BFFFB4C1320C0
4BD00C004BD04D00
6C00000061000009
6C0000006C000000
8C1800D057C80BD0
54000DB000000000
55600BD06148002F
49001BB050404B0B
4BD02B004C1000B0
4BD06B0061480002
5E2FFCF05E000BE0
4C1310A05AAFFAF0
6C0000006134000A
6C0000006C000000
57880AA05A2FFAF0
5AAFFAF05E2FFAF0
612BFFFB4C1320A0
5E000AE052200AB0
5AAFFAF05E2FFCF0
613400074C1310A0
57880AA05A2FFAF0
5AAFFAF05E2FFAF0
612BFFFB4C1320A0
5E2FFCF05E000BE0
4C1310B05AAFFBF0
6C0000006137FFD6
57880BB05A2FFBF0
5AAFFBF05E2FFBF0
612BFFFB4C1320B0
4BD04D006103FFCE
610000084BD00C00
6C0000006C000000
8C1800D057C80BD0
54000DB000000000
55600BD06148002F
49001BB050404B1B
4BD02B004C1000B0
4BD06B0061480002
5E2FFCF05E000BE0
4C1310A05AAFFAF0
6C0000006134000A
6C0000006C000000
57880AA05A2FFAF0
5AAFFAF05E2FFAF0
612BFFFB4C1320A0
5E000AE052200AB0
5AAFFAF05E2FFCF0
613400074C1310A0
57880AA05A2FFAF0
5AAFFAF05E2FFAF0
612BFFFB4C1320A0
5E2FFCF05E000BE0
4C1310B05AAFFBF0
6C0000006137FFD6
57880BB05A2FFBF0
5AAFFBF05E2FFBF0
612BFFFB4C1320B0
4BD00C006103FFCE
5E2FFCF05E000CE0
4C1310D05AAFFDF0
6C0000006134000A
6C0000006C000000
57880DD05A2FFDF0
5AAFFDF05E2FFDF0
612BFFFB4C1320D0
5E000DE04BD01D00
5AAFFCF05E2FFCF0
613400074C1310C0
57880CC05A2FFCF0
5AAFFCF05E2FFCF0
612BFFFB4C1320C0
F0060808CBC00C00
4BD00D0000000000
5E000DE05A000BC0
5AAFFBF05E2FFDF0
613400074C1310B0
57880BB05A2FFBF0
5AAFFBF05E2FFBF0
612BFFFB4C1320B0
4BD019004BD0FA00
6100000B4BD00B00
6C0000006C000000
556000A049001880
5000419054480880
45400B8B45000881
7420280057C80AA0
5E2FFDF05E000DE0
4C1310805AAFF8F0
6C0000006134000A
6C0000006C000000
578808805A2FF8F0
5AAFF8F05E2FF8F0
612BFFFB4C132080
5E2FFDF05E0009E0
4C1310805AAFF8F0
6C00000061340008
578808805A2FF8F0
5AAFF8F05E2FF8F0
612BFFFB4C132080
5E000DE05A0008C0
5AAFF0F05E2FFDF0
6137FFD94C131000
578800005A2FF0F0
5AAFF0F05E2FF0F0
612BFFFB4C132000
55580CB06103FFD2
5E000DE04BD00D00
11F0000066800000
4BD00E0066000001
F0060804CBC00C00
4BD06D0000000000
4BD00A004BD07B00
6C00000061000008
6C0000006C000000
8C1800A057880AA0
6148002800000020
5E2FFEF05E000DC0
4C1310905AAFF9F0
6C0000006134000A
6C0000006C000000
578809905A2FF9F0
5AAFF9F05E2FF9F0
612BFFFB4C132090
5E2FFEF05E000BC0
4C1310905AAFF9F0
6C00000061340008
578809905A2FF9F0
5AAFF9F05E2FF9F0
612BFFFB4C132090
5E2FFEF05E000DC0
4C1310905AAFF9F0
6C0000006137FFDE
578809905A2FF9F0
5AAFF9F05E2FF9F0
612BFFFB4C132090
4BD02D006103FFD6
5E000DC04BD00E00
5AAFFDF05E2FFEF0
613400094C1310D0
6C0000006C000000
57880DD05A2FFDF0
5AAFFDF05E2FFDF0
612BFFFB4C1320D0
5E000DC04BD03D00
5AAFFEF05E2FFEF0
613400074C1310E0
57880EE05A2FFEF0
5AAFFEF05E2FFEF0
612BFFFB4C1320E0
4BD00E004BD02D00
5E2FFEF05E000DC0
4C1310D05AAFFDF0
6C0000006134000A
6C0000006C000000
57880DD05A2FFDF0
5AAFFDF05E2FFDF0
612BFFFB4C1320D0
5E000DC04BD06D00
5AAFFEF05E2FFEF0
613400074C1310E0
57880EE05A2FFEF0
5AAFFEF05E2FFEF0
612BFFFB4C1320E0
4BD00E004BD07D00
5E2FFEF05E000DC0
4C1310D05AAFFDF0
6C0000006134000A
6C0000006C000000
57880DD05A2FFDF0
5AAFFDF05E2FFDF0
612BFFFB4C1320D0
5E000DC04BD06D00
5AAFFEF05E2FFEF0
613400074C1310E0
57880EE05A2FFEF0
5AAFFEF05E2FFEF0
612BFFFB4C1320E0
4BD00E004BD02D00
5E2FFEF05E000DC0
4C1310D05AAFFDF0
6C0000006134000A
6C0000006C000000
57880DD05A2FFDF0
5AAFFDF05E2FFDF0
612BFFFB4C1320D0
5E000DC04BD03D00
5AAFFEF05E2FFEF0
613400074C1310E0
57880EE05A2FFEF0
5AAFFEF05E2FFEF0
612BFFFB4C1320E0
4BD00E004BD02D00
5E2FFEF05E000DC0
4C1310D05AAFFDF0
6C0000006134000A
6C0000006C000000
57880DD05A2FFDF0
5AAFFDF05E2FFDF0
612BFFFB4C1320D0
5E000DC04BD06D00
5AAFFEF05E2FFEF0
613400074C1310E0
57880EE05A2FFEF0
5AAFFEF05E2FFEF0
612BFFFB4C1320E0
4BD00E004BD07D00
5E2FFEF05E000DC0
4C1310D05AAFFDF0
6C0000006134000A
6C0000006C000000
57880DD05A2FFDF0
5AAFFDF05E2FFDF0
612BFFFB4C1320D0
5E000DC04BD06D00
5AAFFEF05E2FFEF0
613400074C1310E0
57880EE05A2FFEF0
5AAFFEF05E2FFEF0
612BFFFB4C1320E0
4BD00E004BD04D00
6C00000061000009
6C0000006C000000
8C1800D057C80BD0
54000DB000000000
55600BD06148002F
49001BB050404B0B
4BD02B004C1000B0
4BD06B0061480002
5E2FFEF05E000BC0
4C1310A05AAFFAF0
6C0000006134000A
6C0000006C000000
57880AA05A2FFAF0
5AAFFAF05E2FFAF0
612BFFFB4C1320A0
5E000AC052200AB0
5AAFFAF05E2FFEF0
613400074C1310A0
57880AA05A2FFAF0
5AAFFAF05E2FFAF0
612BFFFB4C1320A0
5E2FFEF05E000BC0
4C1310B05AAFFBF0
6C0000006137FFD6
57880BB05A2FFBF0
5AAFFBF05E2FFBF0
612BFFFB4C1320B0
4BD04D006103FFCE
610000084BD00E00
6C0000006C000000
8C1800D057C80BD0
54000DB000000000
55600BD06148002F
49001BB050404B1B
4BD02B004C1000B0
4BD06B0061480002
5E2FFEF05E000BC0
4C1310A05AAFFAF0
6C0000006134000A
6C0000006C000000
57880AA05A2FFAF0
5AAFFAF05E2FFAF0
612BFFFB4C1320A0
5E000AC052200AB0
5AAFFAF05E2FFEF0
613400074C1310A0
57880AA05A2FFAF0
5AAFFAF05E2FFAF0
612BFFFB4C1320A0
5E2FFEF05E000BC0
4C1310B05AAFFBF0
6C0000006137FFD6
57880BB05A2FFBF0
5AAFFBF05E2FFBF0
612BFFFB4C1320B0
4BD06D006103FFCE
5E000DC04BD00E00
5AAFFDF05E2FFEF0
613400094C1310D0
6C0000006C000000
57880DD05A2FFDF0
5AAFFDF05E2FFDF0
612BFFFB4C1320D0
5E000DC04BD07D00
5AAFFEF05E2FFEF0
613400074C1310E0
57880EE05A2FFEF0
5AAFFEF05E2FFEF0
612BFFFB4C1320E0
4BD00E004BD06D00
5E2FFEF05E000DC0
4C1310D05AAFFDF0
6C0000006134000A
6C0000006C000000
57880DD05A2FFDF0
5AAFFDF05E2FFDF0
612BFFFB4C1320D0
5E000DC04BD02D00
5AAFFEF05E2FFEF0
613400074C1310E0
57880EE05A2FFEF0
5AAFFEF05E2FFEF0
612BFFFB4C1320E0
4BD00E004BD03D00
5E2FFEF05E000DC0
4C1310D05AAFFDF0
6C0000006134000A
6C0000006C000000
57880DD05A2FFDF0
5AAFFDF05E2FFDF0
612BFFFB4C1320D0
5E000DC04BD02D00
5AAFFEF05E2FFEF0
613400074C1310E0
57880EE05A2FFEF0
5AAFFEF05E2FFEF0
612BFFFB4C1320E0
4BD00E004BD0FD00
6C00000061000009
6C0000006C000000
8C1800D057C80BD0
54000DB000000000
55600BD06148002F
49001BB050404B2B
4BD02B004C1000B0
4BD06B0061480002
5E2FFEF05E000BC0
4C1310A05AAFFAF0
6C0000006134000A
6C0000006C000000
57880AA05A2FFAF0
5AAFFAF05E2FFAF0
612BFFFB4C1320A0
5E000AC052200AB0
5AAFFAF05E2FFEF0
613400074C1310A0
57880AA05A2FFAF0
5AAFFAF05E2FFAF0
612BFFFB4C1320A0
5E2FFEF05E000BC0
4C1310B05AAFFBF0
6C0000006137FFD6
57880BB05A2FFBF0
5AAFFBF05E2FFBF0
612BFFFB4C1320B0
4BD00E006103FFCE
668000005E000EC0
11F0000011F00000
5F3FF4F066000006
5F3FD6F05F3FE5F0
F0060000CBC00C00
4BD01E0000000000
F00F0040CBC00500
5E000EC000000000
4830AEE05B300E50
6C0000006C000000
759FFFDE5B300D50
CBC00E004BD00D00
00000000F0060800
5E000DC04BD01B00
5B300C505E000BE0
6C0000004831ECC0
759FFFDC5B300D50
5E000CE04BD00C00
48332CC05B300C50
6C0000006C000000
759FFFEC5B300E50
4BD021004BD01000
FFFFF120A3000000
8B800000540001C0
4BD0720000015741
00012D7CA3000000
4BD001004BD01000
000033008BD00200
A30000004BD00600
8B800000FFFFF7AC
A300000000015F8C
8B80040000012D50
6100000700016B3C
6C0000006C000000
8C18006057880660
6148001E0000001E
48364CC05B300C50
6C0000006C000000
759FFFEC5B300E50
4BD011004BD01000
FFFFF090A3000000
0000FFFF8C1000C0
49024EC061480004
614800094C1240E0
0000001D8C180060
54000040614FFFEA
A3000000540001C0
6103FFE500012CD0
000165008B800000
A3000000540001C0
CBC00C0000012CB8
00000000F0061014
CBC00D004BD01E00
00000000F0061034
5E000ED05E000EC0
F0061010CBC00C00
CBC00D0000000000
00000000F0061030
5E000ED05E000EC0
5B3FE5F05B3FD6F0
668000005B3FF4F0
55800C0066000000
6680000050784CC0
55800C0066000000
6680000050704CC0
6680000066000000
76600A0166000000
8B800E0050214C00
44200CEC000174CC
8B80010074600310
5A000E1000016EF4
668000005E000EC0
5F3FF4F066000005
4BD005005F3FE5F0
5400004055480450
00000028A3000000
75BFFB4357880550
5B3FF4F05B3FE5F0
11F0000066800000
11F0000011F00000
5F3FF4F066000007
5F3FD6F05F3FE5F0
75E01E045F3FC7F0
00000110A8800C00
000174508B800500
5820AC404420045C
742065C0756025C1
4BD0060074602FC1
A300000054000700
54000070000150AC
6100000855580EC0
6C0000006C000000
0000011088300660
000004408C100060
44200D566148002D
747FF9B25820ABD0
745FF7DE59204DD0
8B8000006103FFED
8B80010000016D2E
8B8003000001553D
8BD00200000164D5
A30000000000042F
6C00000000012B18
6C0000006C000000
742020C261000000
5A000C4074600BC3
57C80CC0742006C0
000000008C1800C0
614C00395E000C40
5C20AC404BD00C00
8B80000061000036
8B80010000016CC6
8B800300000154D5
8BD0020000015FCC
A30000000000046E
6C00000000012AB0
5D204C4061000000
4BD01E004BD02C00
5D206E405D205C40
000000A8A3000000
5820CC4061000022
55480EC057C80CC0
5C20CC404C1000E0
5820DC40614C001C
55480EC057880CC0
5C20DC404C1040E0
5820BE40614C000D
000172F08B800C00
74600CE05A201CC0
4BD01C0074200BC0
5D206C405C20BC40
00000048A3000000
5C20CC406100000A
00000038A3000000
4BD0010061000006
A30000004BD00500
5C20A54000000294
5B3FD6F05B3FC7F0
5B3FF4F05B3FE5F0
11F0000066800000
5F3FF4F06600000D
5F3FD6F05F3FE5F0
A8800C005F3FC7F0
8B800E0000000110
442006EC00017274
75E074C25820BC60
8B800E0050214CC0
44200CEC00017254
74207CC05A000CC0
A300000048310060
48312CC000015074
4BD36000555801C0
000002808BD00200
00001608A3000000
540004C074207AC0
54000050483D45F0
4BD0C2004BD00100
A30000004BD0C700
5920406000014FB4
FFFFFCF0A3000000
4BD01C005D2EACF0
000001008BD00E00
5D202E505C202C50
540000405F3F74F0
4BD0C20054000150
00002348A3000000
4830F6605F3F66F0
6C0000006C000000
4BD0040057880560
6C0000004BD00C00
58000E6044200654
4C12E0E0742006E0
57880CC061480004
6103FFF957880440
554802C055580170
5F3F9CF044200C21
0000FFFE8C1000C0
5F3F87F061440049
540000705B3F77F0
00002688A3000000
57880CC05B3F8CF0
555803C055580240
5400015054000070
000023E8A3000000
58000CC044200C54
578807505B3F95F0
55580170747FDCC0
540000405B3F74F0
A30000004BD00200
48302C500000263C
000001008BD00E00
5D2E8EF0483D01F0
555803C05D201E10
4BD0420054000040
00002390A3000000
5820FCE05B3F6EF0
5021CCC05820BEE0
000175088B800D00
5B6000DC50214EE0
000170B08B800C00
54000140442002CE
A30000004BD35300
540000400000AF84
8B80000061000016
8B800100000169DE
8B800300000151ED
8BD00200000155B6
A30000000000030D
6C000000000127C8
6C0000006C000000
4BD0010061000000
A30000004BD00400
5C20A46000000034
5B3F70F061000004
00001700A3000000
5B3FD6F05B3FC7F0
5B3FF4F05B3FE5F0
11F0000066800000
5F3FF4F06600000A
5F3FD6F05F3FE5F0
540004005F3FC7F0
00000110A8800700
000170008B800C00
5F3FB1F044200CC7
48310CC05F3F9CF0
8B8005005F3FACF0
4BD0060000017444
6C00000061000005
4C16006048318660
5B600C566148000D
44200E56743FFCC0
745FF9D458210DE0
5B3FA0F05B3012E0
6280000C5B3FB1F0
5F600C564BD00C00
4BD00C006103FFF2
8B800B005B3F95F0
6100000600016F8C
0000011088300CC0
000004408C1000C0
741FFB7C6148000A
5820ADE044200EBC
5820FEE0747FF8D2
745FF5ED5820FD50
5C20FC504BD04C00
76600DC35820FC50
8B8004005021CCC0
5B60004C0001737C
0000B3F0A3000000
5021CCC05820FC50
4BD04D004BD00E00
5C20FD505F600E4C
5B3FD6F05B3FC7F0
5B3FF4F05B3FE5F0
11F0000066800000
11F0000011F00000
5F3FF4F066000008
5F3FD6F05F3FE5F0
5B305CF05F3FC7F0
55580DE05A000E30
5A000CC050684EE0
55580DC044200EDE
50684CC044200EED
50684EC044200CEC
44200CEC55580CC0
50684EC05F3FB2F0
442007EC55580CC0
540005104C100000
5400060061480052
610000044BD00B00
45800B4C5B300660
59209D6074203160
4C1020D05B301E60
4BD00C00540004B0
6C0000006138000F
6C0000006C000000
58201AE058000BE0
540009D050244BB0
48302EE045400DBA
483FED9044200CDC
000000038C180090
8C1800D06137FFF6
614C000400000001
50244EE058000EE0
89000EC044200CEC
50684EE0FFFF0000
44200CEC55580CC0
44200CEC50684EC0
A3000000555800C0
44200C7CFFFFF8E4
FFFF000089000EC0
50684EE059209D60
49001CD055580BC0
743FD1C0442007EB
507847E055800E70
55600E406103FFCE
746003C04C200CEC
507847C055800C70
A300000054000050
4420047CFFFFF894
A30000005B3FB0F0
44200C4CFFFFF884
FFFF000089000EC0
55580CC050684EE0
50684EC044200CEC
54880CC044200CEC
5B3FC7F055580CC0
5B3FE5F05B3FD6F0
668000005B3FF4F0
743FE7C04BD01C00
660000046103FFE8
64C00E005B305CF0
A30000005F303CE0
66800000FFFFFE3C
4C10201066000003
6138000C4BD00C00
58201D0058000E00
54000B1050244EE0
4830200045400EED
483FE11044200CEC
000000038C1800B0
8C1800106137FFF6
614C000400000001
50244EE058000E00
89000EC044200CEC
50684EE0FFFF0000
44200CEC55580CC0
44200CEC50684EC0
A3000000555800C0
89800CC0FFFFF7A4
668000000000FFFF
11F0000011F00000
5F3FF4F066000006
5F3FD6F05F3FE5F0
5400040074204600
4BD005004BD00B00
6C00000061000007
6C0000006C000000
45800B6C5B300440
59209D4074203140
4C1020D05B301E40
4BD00C00540006B0
6C0000006138000F
6C0000006C000000
58201AE058000BE0
540009D050244BB0
48302EE045400DBA
483FED9044200CDC
000000038C180090
8C1800D06137FFF6
614C000400000001
50244EE058000EE0
89000EC044200CEC
50684EE0FFFF0000
44200CEC55580CC0
44200CEC50684EC0
A3000000555800C0
44200C5CFFFFF6C4
FFFF000089000EC0
50684EE059209D40
49001CD055580BC0
743FD1C0442005EB
507845E055800E50
55600E606103FFCE
746003C04C200CEC
507845C055800C50
55580CC054880C50
5B3FE5F05B3FD6F0
668000005B3FF4F0
4BD005004BD01C00
6103FFF7743FF6C0
A300000066000003
A30000000000003C
A3000000000007AC
A3000000000008F0
A30000000000A6BC
A3000000000022E4
A3000000FFFFF644
668000000000A3C4
8B800C0066000000
48307CC000016FFC
45000CCE4BDF8E00
000370108B800E00
8BD00E005F300CE0
4BD00D0000020000
5C208DC05F300EC0
0002000088300EC0
00036FF08B800D00
5F300ED04BD01B00
000200089C200BC0
00020000CBC00E00
8B800D0000020000
9F300EC000036FD4
5F300CD000020000
11F0000066800000
11F0000011F00000
7420970066000003
74200EC049007C00
000163CA8B800000
00014C8B8B800100
00014BE88B800300
000002738BD00200
000121B4A3000000
6C0000006C000000
8B800C0061000000
5B300CC000036F5C
00036F588B800D00
5B300DD0483F0E00
48310B00758031EC
582F8B0076402FBD
5A2FCA00742045B0
8C1000A05A2FD900
6144003400020000
000200008C100090
44600BEC61440031
614800054C08009B
5A000990442009C9
614C002A4C08009B
7400049D442009CA
4C0800AB5A201A90
4BD00800614C0025
00036EE88B800A00
5B3008A05C2F8800
5F300EA075C002E8
582F880075C035ED
8B80000074203F80
8B800100000162EE
8B80030000014BAF
8BD0020000015EF9
A3000000000001E1
6C000000000120D8
6C0000006C000000
8B80000061000000
8B800100000162B6
8B80030000014B77
8BD0020000014DCB
A30000000000027F
6C000000000120A0
8B80000061000000
8B80010000016286
8B80030000014B47
8BD002000001516B
A300000000000295
6C00000000012070
8B80000061000000
8B80010000016256
8B80030000014B17
8BD00200000147A2
A30000000000028C
6C00000000012040
8B80000061000000
8B80010000016226
8B80030000014AE7
8BD0020000016244
A3000000000001E0
6C00000000012010
74000FE961000000
74000D9D58208890
5B300DA074600C80
5F300EA0744002D9
5E000DE05A000D90
8C1000D05A000D90
6148000300020000
5E201BD044200DCD
44200BCD5A2FDD00
582089B074000EBE
5B3009A074600C90
5F300BA07440029E
5E000AB05A000AE0
8C1000E05A000EE0
6148000300020000
5E201DC044200CCE
11F0000066800000
11F0000011F00000
48307C1066000003
4BD10E0055600CC0
89000BC046800CCE
8C1000B0FFFFFFF8
4BD00C0000020000
4C0800B161440085
8B800C0061380083
5B300CC000036CFC
00036CF88B800E00
7580160C5B300EE0
483F0E0075C0150E
44600DEC5A2FCA00
483F0890446009AD
6140001A4C0800B8
000160FA8B800000
000149BB8B800100
000147398B800300
000002E48BD00200
00011EE4A3000000
6C0000006C000000
8B80000061000000
8B800100000160C6
8B80030000014987
8BD00200000160CD
A3000000000002D2
6C00000000011EB0
614C000361000000
6680000054000C00
58208190442009CA
483209B074200610
614000144C080098
6680000054000C00
000200008C1000A0
8B800000614C001F
8B8001000001605E
8B8003000001491F
8BD0020000015A1E
A3000000000002F5
6C00000000011E48
6C0000006C000000
8C1000A061000000
614C002500020000
0001601A8B800000
000148DB8B800100
000159DA8B800300
000003168BD00200
00011E04A3000000
6C0000006C000000
8B80080061000000
44200BBD00036BBC
5A000A905B300180
7440041948310BB0
442009C9556009B0
556009B05F300980
4BD00800442009C9
5E000A905C208890
5E000BE05E201D90
8C1000E05A000E90
614C001700020000
6680000054000C00
48310BB044200BBD
00036B588B800800
5B300180556009B0
75C00291442009C9
4BD008005F300980
5E000A905C208890
5E000BE05E201D90
8C1000E05A000E90
614C000300020000
6680000054000C00
54000C0044200ECE
668000005E201BE0
8C18000066000003
4BD00C0000000000
48307E0061480018
4BD10D0055600EE0
89000EE046800EED
8C1000E0FFFFFFF8
6144000F00020000
6138000D4C0800E0
00036AC08B800B00
00036AA88B800D00
5B3009D05B300AB0
000200008BD00D00
446000DE446008A9
614400084C080008
6C00000066800000
6C0000006C000000
4C0800805A0008D0
55600280613FFFFA
582081D044200D92
5A0001D0747FFA10
4460031248310220
48320CE0759FF63E
4BD01C0075C0193C
4C0000DA5C208CD0
00036A388B800C00
44200EED61480033
48310EE05B300CC0
8B80000076001FEC
8B80010000015E4E
8B8003000001470F
8BD002000001471E
A3000000000003BA
6C00000000011C38
6C0000006C000000
44200CE261000000
000200008C1800C0
8B800000614C0035
8B80010000015E06
8B800300000146C7
8BD00200000157C6
A300000000000387
6C00000000011BF0
49007CD061000000
8B800000742037C0
8B80010000015DCE
8B8003000001468F
8BD0020000014F26
A3000000000003BC
6C00000000011BB8
6C0000006C000000
582080A061000000
742006005B3008C0
5A000AA0740005A8
582080A044200A9A
4C100000747FFC00
614BFFC45F300AB0
8B800000741FC3A8
8B80010000015D66
8B80030000014627
8BD002000001508B
A3000000000003B5
6C00000000011B50
556000C061000000
4BD0020044200090
5E0001005C208200
4BD018005E201800
5C2088D05E000CD0
8C1000805A000800
614BFFA600020000
5E201C8044200898
48310CD06103FFA3
11F0000066800000
4BD00C0066000000
000162108B800E00
4BD00B004BDF8D00
6C00000061000005
4C10A0B057880BB0
5021CAB061480017
5B302A805B6008EA
592019805F300CA0
5B301080743FF890
5900088048307000
6C0000004500000D
6C0000006C000000
5F3001005B3001A0
57C809905F3000A0
8C18009044200008
614FFFF900000000
668000006103FFE8
8C18000066000000
4BD00C0000000009
55600E006144000C
8B800D005021CEE0
5B600EDE00016174
5B300DE05B302EE0
5B300BD0742004D0
5F300BE054000CD0
11F0000066800000
8C18000066000003
6144001B00000009
49007C1074201A10
8B80000074200FC0
8B80010000015BFE
8B80030000014FFE
8BD0020000014867
A30000000000016D
6C000000000119E8
6C0000006C000000
55600C0061000000
8B800E005021CCC0
5B600CEC000160EC
5B300EC05B302CC0
5F3001C05F300E10
6600000066800000
11F0000066800000
11F0000011F00000
5F3FF4F06600000D
5F3FD6F05F3FE5F0
5B3075F05F3FC7F0
5B3056F05B306EF0
4BD00C004C100000
742082E061480083
8B800D0054000400
4C10001000015C3C
6148000254000CD0
4C10002054000C10
6148000254000BD0
5F3F6BF054000B20
5F3F9EF05F3F8CF0
54000D3074200230
4BD007005F3F7DF0
8B800C005F301740
5E204740000002D8
5D2307405F304C40
5C26974048348040
4BD102004BD00100
00013F50A3000000
5F3077405F306740
000444B88B800C00
58000CC05F308640
5F3035405C26CC40
5B3F87F05F30E740
74202AC05A000C70
5A000CC05B3F6CF0
740002CE5A203E40
5B3F7CF05E203C40
5A204E405A000CC0
5E204C40740002CE
5A202E405A000C70
5E2F6CF0740045CE
483D45F05E2F5EF0
54000050483D86F0
A300000054000160
5400005000003BAC
A300000054000160
540000500000A66C
A300000054000160
540000400000185C
5400026054000150
0000AB58A3000000
5E202C405A000C70
74202CC05B306C40
6280000C54000040
5A202C4061000029
4BD00E0074201DC0
5E2F5CF05E2F7EF0
483DC6F0483D45F0
5400016054000050
00003B30A3000000
5400016054000050
0000A5F0A3000000
5400016054000050
000017E0A3000000
5400015054000040
A300000054000260
5A000C700000AADC
5B306C405E202C40
54000040742003C0
5B3F6CF06280000C
5A203E405A000CC0
5E203C40740002CE
5A000CC05B3F7CF0
740002CE5A204E40
540000405E204C40
6280000C5B3F9CF0
4BD00C004C1000C0
5B3FC7F061480006
5B3FE5F05B3FD6F0
668000005B3FF4F0
8B800C005826CE40
55480DE000044324
000000FF8C1000D0
4BD00E00614C0003
8BD00D005C26CE40
55480BE000000100
6C00000054000AC0
74200BA05B300AA0
57C80DD074001AA4
000000008C1800D0
5826C9A061480023
57880EE0745FF89B
6103FFEA5C26CE40
8C1000E05826CE40
4BD00C00000000FE
57880CE061480002
000442A88B800E00
8B800B005B300DE0
5C000CB000044294
54000C405F300D40
6103FFD25F3004E0
0001589A8B800000
0001424B8B800100
0001481E8B800300
0000019C8BD00200
00011684A3000000
6C0000006C000000
8B80000061000000
8B80010000015866
8B80030000014217
8BD0020000014EB4
A30000000000019E
6C00000000011650
6600000061000000
668000004BDF4C00
5F3FF4F066000007
5F3FD6F05F3FE5F0
8B80050054000C10
4C100010000158FC
6148000254000150
4C100020540001C0
6148000254000650
7420023054000620
5A000C1054000530
5A000C6074200DC0
740002CE5A203E00
5A000C505E203C00
740002CE5A204E00
483E42F05E204C00
00000050A3000000
483E42F06100000D
A300000054000400
5A000C600000003C
740002CE5A203E40
5A000C505E203C40
740002CE5A204E40
5B3FD6F05E204C40
5B3FF4F05B3FE5F0
11F0000066800000
5F3FF4F066000008
5F3FD6F05F3FE5F0
742028105F3FC7F0
5A000C1054000400
74001FCE5A202E00
5E000E205E2F7CF0
54000020483DC5F0
5400015054000710
A300000054000620
540000600000386C
A300000054000150
540000600000A32C
A300000054000150
540000400000151C
5400025054000160
0000A818A3000000
4C1000405A000C70
614800165E202C40
742003C05B306C40
6280000C54000040
5B3FD6F05B3FC7F0
5B3FF4F05B3FE5F0
8B80000066800000
8B800100000156B6
8B80030000014067
8BD002000001413C
A3000000000001DC
6C000000000114A0
8B80000061000000
8B80010000015686
8B80030000014037
8BD002000001461E
A300000000000388
6C00000000011470
6600000061000000
000440408B800C00
668000005F3000C0
7420090066000003
49001EC058269C00
52200CC0746006E0
5B306C005C269C00
6280000C742002C0
6600000066800000
5F30610074200200
11F0000066800000
11F0000011F00000
74200A0066000000
00043FD88B800C00
742006C05B300CC0
57880EE05826CEC0
745FFB0E55480EE0
4BD00C0066800000
11F0000066800000
11F0000011F00000
8B800C0066000003
4BD00E0000043FAC
00043FC08B800D00
5B3000D05C000EC0
6C00000074200800
6C0000006C000000
746004C05B312C00
747FFD005B302000
A300000066800000
6680000000002DEC
5F3FF4F066000008
5F3FD6F05F3FE5F0
55600C205F3FC7F0
8C1000C054000410
6134001200000181
4C1410C0742003C1
89000C20614C0034
74603EC1FFFFFFBF
4BD0800054000620
FFFFF8C0A3000000
540005C074208CC0
5F300C504BD00C00
5D2084505F301C50
540006006100001F
000001828C1000C0
8C1000C06148003B
614C001F00000280
48307C4055580660
89000CC048307E60
89000EE00001FFF8
44200CEC0001FFF8
A3000000483180C0
742073C0FFFFF594
44200CC6540005C0
4BDF8E004831FCC0
45000CCE4BD00D00
5F301C505F300D50
8BD006005D208450
5D20945000000080
4BD00C005C214650
5C215C504BD01E00
610000625D20BE50
0001546A8B800000
00013F088B800100
00014AE68B800300
000001278BD00200
00011254A3000000
6C0000006C000000
8B80000061000000
8B80010000015436
8B80030000013ED4
8BD0020000014846
A30000000000014A
6C00000000011220
4BD0070061000000
5F3FBCF04BD00C00
6100000A4BD00500
6C0000006C000000
4BD006004460044E
540005D05F3FBCF0
55580C4074203CC0
4BD0900074203BC0
FFFFF768A3000000
55580B60742026C0
89000DE048307EB0
8BD00E000001FFF8
44600AED00000640
555809A055580E40
54000E404C00009E
54000EA061440002
4831FBB044200BCB
45000BBA4BDF8A00
5F301BC05F3007C0
8C1000D05D2084C0
5D209EC000000640
000100828BD00D00
614800225E205DC0
54000DC04C100050
54000D50614BFFD8
5F300CB05B3FBBF0
6C0000006103FFD4
6C0000006C000000
8B800E004C100050
4BD01D0000043D1C
614800095C000DE0
540007C054000050
00000080A3000000
4BD0070054000C70
61000003747FC9C0
747FC6C04BD00500
54000C504BD00500
5B3FD6F05B3FC7F0
5B3FF4F05B3FE5F0
8B80000066800000
8B800100000152CE
8B80030000013D6C
8BD0020000014852
A300000000000103
6C000000000110B8
6C0000006C000000
11F0000061000000
11F0000011F00000
5F3FF4F066000005
742027005F3FE5F0
4BD0040054000100
4BD0800061000008
FFFFF650A3000000
4C10005057880440
6148003454000150
742026C058216C10
55480EC057C80CC0
4BD005004C1000E0
614FFFF65C216C10
49002CC058215C10
746008C05B300510
4900FCC058214C10
743FEAC174200AC0
4BD09000746033C2
5B303C106103FFE8
54000010742023C0
6103FFE56280000C
A300000054000010
6103FFE1FFFFEE14
000151E28B800000
00013C808B800100
00013D288B800300
000002DE8BD00200
00010FCCA3000000
8B80000061000000
8B800100000151B6
8B80030000013C54
8BD002000001433D
A3000000000002F3
6C00000000010FA0
55480C4061000000
5B3FF4F05B3FE5F0
8B80000066800000
8B80010000015176
8B80030000013C14
8BD00200000149F3
A300000000000301
6C00000000010F60
8B80000061000000
8B80010000015146
8B80030000013BE4
8BD0020000013C96
A300000000000311
6C00000000010F30
6600000061000000
48307CC055580C00
89000DC05B305EF0
5B306CF00001FFF8
4C0000BC44200BD1
6144000F4BD00C00
4BD00B004C1000E0
44200BED61480002
5F301B305F300C30
5D2091305D208130
5C2142304BD02C00
4BD01E005C215C30
5D20BE3054000C30
11F0000066800000
5F3FF4F066000005
74201A005F3FE5F0
75C04F1C59208C00
6C00000044600C1C
55580E1059209D00
59208E0076001FED
5D208E0044200ECE
4460011D5B300000
8B800000747FF800
8B80010000015066
8B80030000013B04
8BD0020000013B94
A3000000000001AF
6C00000000010E50
8B80000061000000
8B80010000015036
8B80030000013AD4
8BD0020000014E2A
A300000000000198
6C00000000010E20
58214C0061000000
4900FCC074001FED
58215C0074601DC0
74601AC049002CC0
5B301C0054000410
442001EC44600EE0
A300000054000500
742020C0FFFFEE6C
4C0000C554000050
6148000E54000140
00014FBA8B800000
00013A588B800100
0001352C8B800300
000001BF8BD00200
00010DA4A3000000
6C0000006C000000
5D20910061000000
5B300C005D208100
54000400742006C0
A3000000540000C0
54000040FFFFFCE4
5F300C004BD00C00
5B3FF4F05B3FE5F0
8B80000066800000
8B80010000014F4E
8B800300000139EC
8BD002000001415F
A3000000000001BD
6C00000000010D38
6C0000006C000000
11F0000061000000
11F0000011F00000
74200D0066000003
0000FFFF8C100010
614400084BD01C00
59208E0074201310
55580DE044200EE1
58A14D007540031D
6680000075200FDF
00014ED28B800000
000139708B800100
00013A188B800300
000001E28BD00200
00010CBCA3000000
4BD00C0061000000
5B301D0066800000
48318B0044600DD1
5F301D00759FEFDB
44200CC159209C00
4BD00C005D209C00
668000005D208E00
11F0000011F00000
7420120066000003
0000FFFF8C100010
6144000D4BD01C00
59209E0074201B10
5B301C0075400A1E
44600EE144200CC1
5D209E005F301C00
44600EC159208C00
5D208E004BD00C00
8B80000066800000
8B80010000014E1E
8B800300000138BC
8BD0020000013964
A30000000000024E
6C00000000010C08
6C0000006C000000
4BD00C0061000000
11F0000066800000
7520121F66000003
4C10001074201F00
6148003E4BD00C00
55580E1059208C00
55580CE044200ECE
4BD01C004C0000CE
58A14D00614C0037
7420342075202BDF
44600DC15B301C00
74201A006100002B
54480E1059209D00
4BD01C004C0000ED
5B301C006134002B
44600DDE44200CCE
5D209D005F301C00
44600ECE59208C00
8B80000061000021
8B80010000014D56
8B800300000137F4
8BD002000001389C
A3000000000001E2
6C00000000010B40
8B80000061000000
8B80010000014D26
8B800300000137C4
8BD002000001386C
A30000000000024E
6C00000000010B10
5B301D0061000000
48318B0044600DD1
5F301D00758007DB
44200CC159209C00
4BD00C005D209C00
668000005D208E00
4BD0120066000003
FFFFFEE8A3000000
11F0000066800000
11F0000011F00000
4BD00C0066000000
6C00000074200500
57880CC05B300000
55580CC0747FFE00
11F0000066800000
11F0000011F00000
7420140066000003
57880CC058216C00
4C0000EC55480EC0
6148000E5C216C00
00014C5A8B800000
000136F88B800100
0001462B8B800300
000003448BD00200
00010A44A3000000
6C0000006C000000
6680000061000000
11F0000011F00000
7420160066000003
5B300C0074201510
6C00000074200CC0
6C0000006C000000
59208D0054000E00
44200DBD59208B10
5D208DE0540000C0
747FF9C05B300CC0
59209E0059208C00
59208E10744006CE
5D208C0044200CEC
668000005F300100
00014BBA8B800000
000136588B800100
0001437B8B800300
000003648BD00200
000109A4A3000000
6C0000006C000000
11F0000061000000
11F0000011F00000
7420160066000003
5B300C0074201510
6C00000074200CC0
6C0000006C000000
59208D0054000E00
44200DBD59208B10
5D208DE0540000C0
747FF9C05B300CC0
59209E0059208C00
59208E10744018CE
5D208C0044200CEC
742012105F300100
57880CC058216C10
4C0000EC55480EC0
6148000C5C216C10
00014B028B800000
000135A08B800100
000144D38B800300
000003448BD00200
000108ECA3000000
6680000061000000
00014AD28B800000
000135708B800100
000142938B800300
000003648BD00200
000108BCA3000000
6600000361000000
5920821074200710
A30000004BD00300
55080CC00000002C
8BD00C0066800000
55080CC0000000F0
11F0000066800000
11F0000011F00000
5F3FF4F066000009
5F3FD6F05F3FE5F0
4C1000105F3FC7F0
000000F08BD00D00
5400041061480009
7420060059208C10
758004C254000520
44200E3559208C00
55080CD0760007EC
5B3FD6F05B3FC7F0
5B3FF4F05B3FE5F0
4BD0070066800000
6C00000061000006
6C0000006C000000
742053C055580C50
5F3FB0F05F3FA3F0
59209E4059209C00
44600EE744600CC3
55580E5046400CCE
5B301B405B301D00
442000D3464006CE
54000260442001B7
00012D80A3000000
5B3FB0F05B3FA3F0
4420036359209C00
59209E407640233C
4460055644200767
6144002A4C00007E
5B30044061380007
4BD007004C100040
55580E50614C0003
7440073C74602FE0
4C1000005B300000
614C00034BD00300
746028C055580C50
59209C4074200640
744003CE59208E40
746007C05B300C40
59209C00743FD000
745FCDCE59208E00
743FCBC05B300C00
000000FA8BD00D00
8B8000006103FFBD
8B80010000014916
8B800300000133B4
8BD0020000012EA1
A3000000000003F7
6C00000000010700
8B80000061000000
8B800100000148E6
8B80030000013384
8BD0020000013E9E
A3000000000003F8
6C000000000106D0
8BD00D0061000000
6103FFA2000000F0
6103FFA04BD00D00
11F0000011F00000
5F3FF4F066000009
5F3FD6F05F3FE5F0
4C1000005F3FC7F0
614800264BD00D00
5400062074202510
742022205F3FA1F0
4BD0040054000500
6C0000006C000000
742003C055580C30
75C015CE59209E50
44600EE359209E50
5F3FBDF055580EE0
55580B4055580D60
464007ED5B301A50
442000EB5B3FAEF0
54000270442001AC
00012BE0A3000000
44200D7D5B3FBDF0
4460066744200474
610000024BD00300
55580C604460033E
742002C05B300550
55580CD0747FE450
5B3FD6F05B3FC7F0
5B3FF4F05B3FE5F0
11F0000066800000
5F3FF4F066000009
5F3FD6F05F3FE5F0
4C1000005F3FC7F0
000000F08BD00C00
7420201061480021
59208C0054000500
8BD00C004C0000C2
6138001A000000FF
4C1000205F3FA2F0
614800124BD00400
5F3FB1F05B3FA6F0
6C0000006C000000
59209C5074202550
5B3010504640076C
442001C45B3FBCF0
A300000054000270
4460066700012B14
5B30055044200474
5B3FACF0747FF460
4BD00C004C00004C
55080CC0614C0007
5B3FD6F05B3FC7F0
5B3FF4F05B3FE5F0
8B80000066800000
8B8001000001470E
8B800300000131AC
8BD0020000013455
A3000000000004E7
6C000000000104F8
6C0000006C000000
8B80000061000000
8B800100000146D6
8B80030000013174
8BD0020000013691
A3000000000004DC
6C000000000104C0
11F0000061000000
11F0000011F00000
5F3FF4F06600000A
5F3FD6F05F3FE5F0
4C1000005F3FC7F0
614800094BD00600
55580E3059209C00
5B300000758005EC
747FFB004460033C
5400060061000002
8BD005004C100060
61480005000000FF
59208E6055580C30
760007DE44200DC2
5B3FC7F055080C50
5B3FE5F05B3FD6F0
668000005B3FF4F0
760042EC59209E60
555807E044600EE3
464004725B301E60
5F3FB1F0442000EC
5400024054000520
000129C0A3000000
4C00005754000C50
6143FFEB4BD00500
5B3FBEF05B300660
8BD005004C1000E0
614BFFE5000000F0
44600EC4743FE460
55580BE059208D60
8BD005004C0000DB
613BFFDD000000FF
5F3F9EF055580EE0
4C0000C74BD00500
614000134BD00700
44200CC45B3FBCF0
5B3F94F05F3FACF0
59209C6074202760
5F3FB2F04640024C
5B3FACF05B301060
A3000000442001C7
5B3FBCF00001292C
442007C74460044C
747FF3405B300660
741FC37C5B3F9CF0
000145428B800000
00012FE08B800100
000132898B800300
000004E78BD00200
0001032CA3000000
8B80000061000000
8B80010000014516
8B80030000012FB4
8BD0020000012AB8
A300000000000502
6C00000000010300
8B80000061000000
8B800100000144E6
8B80030000012F84
8BD00200000134A1
A3000000000004DC
6C000000000102D0
11F0000061000000
11F0000011F00000
5F3FF4F066000004
5400021054000420
A300000059208140
74201AC0FFFFEF2C
5920824074200B40
54000140540000C0
540004C04BD00300
FFFFFA08A3000000
54000C4054000EC0
8B800000742010E0
8B8001000001445E
8B80030000012EFC
8BD0020000014084
A300000000000543
6C00000000010248
6C0000006C000000
4BD00C0061000000
668000005B3FF4F0
4C10000066000000
614800074BD00C00
55580D1059209E00
5B300000758006DE
747FFB004460011E
66800000746004C0
743FFEC054000C00
55580E1059209DC0
5B301CC0761FFBDE
5C0002C044200CCE
11F0000066800000
11F0000011F00000
5F3FF4F06600000A
5F3FD6F05F3FE5F0
8B8005005F3FC7F0
5B30015000014F1C
540004005A208C50
A3000000540000C0
54000B400000DAC8
00042D808B800E00
5B300EE05B301D40
742048E0582094D0
4BD00C00540009C0
5F3FADF04831CD50
54000A504BD00700
6100000F5F3FB9F0
5B3F9DF05B301E50
8B800A004C0000ED
54000B5000014EB4
614C00405B3FB9F0
4BD02C004C1000C0
6C000000614C003B
742033E05B302E70
540007E054000670
745FFBE458218EE0
742006E058208E70
5826CDD05B301DA0
55480DD057880DD0
5A000E70745FF4ED
747FF1E074200390
5A208DA061000004
745FEDED742002E0
49001EE058219E70
5A201E70742004E0
745FE7ED5A207DA0
743FE5E05B304E70
5F3F9CF05B301CB0
540001705B305070
540002B0540005B0
6280000E5B3FA3F0
4C100060743FD0C0
614800084BD00B00
5F302E605B302E70
00042C708B800D00
5F302E705B300ED0
8B800A005F3007D0
5B3FB9F000014DD4
4BD00C006103FFCA
5B3FD6F05B3FC7F0
5B3FF4F05B3FE5F0
4BD01C0066800000
8B8000006103FFFA
8B8001000001422E
8B80030000013209
8BD0020000013F0B
A3000000000000C1
6C00000000010018
6C0000006C000000
11F0000061000000
11F0000011F00000
7420090066000000
742007105A000C00
5A000E10742006C0
00042BD08B800C00
746004E05B300CC0
6C00000066800000
743FFDC05B302CC0
5A000D005A000EC0
5A000E10745FFCED
6103FFF95E000EC0
A300000066000003
89400CC0000124CC
8B800E000000C000
5D000CE000014724
11F0000066800000
11F0000011F00000
5A208C0066000003
8B80000074600FC1
8B8001000001415E
8B8003000001307D
8BD00200000132FB
A3000000000000D4
6C0000000000FF48
6C0000006C000000
5400010061000000
A30000004BD02000
66800000FFFFE504
A300000066000003
8B800C0000000034
58000EC000042B2C
57880EE049001DE0
5C000EC04C1000D0
A3000000614C0003
668000000000011C
5F3FF4F066000007
5F3FD6F05F3FE5F0
8B8005005F3FC7F0
8B800E0000042AF4
58000C5000042AD4
57880CC05B3004E0
5C000C504C100040
5B3FC7F0614C0008
5B3FE5F05B3FD6F0
668000005B3FF4F0
743FFA405B302440
58000C505822EE40
5C22EC40741FFCEC
49001EC059215C40
52208CC074200AE0
540000405D215C40
000064F0A3000000
89000CC059215C40
5D215C400000FFFC
49008EC059215C40
89000CC0742007E0
5D215C400000FFF7
A300000054000040
5B313C4000001A60
74200CC05B302640
8B800C004BD00700
5C0007C000042A35
A300000054000040
8B800C0000001ACC
58000CC000042A1D
4BD01700746003C0
747FD67054000460
000429F08B800C00
6103FFD25B3004C0
5F3FF4F06600000C
5F3FD6F05F3FE5F0
8B8007005F3FC7F0
5A000C70000429E0
000429D88B800D00
000429B88B800B00
5B3004B058000ED0
57880EE057880CC0
5E000C704C100040
614801715C000ED0
978D4FE0CBC00A00
4BD00C000083126E
6C0000005F3FBCF0
6C0000006C000000
4C10A0C05A208C40
7421A2C161480197
5822ED407421ADC0
000429708B800E00
744007DE58000EE0
5F3FB4F05B302640
540004604C100060
61000159614FFFF2
5C22EE404C1020C0
58252C40614C0005
4BD016004C1050C0
58252C406144007E
4BD016004C10B0C0
98200C406144007A
74202AC0000000D5
7461E6E05B311E40
7421FCE05B310E40
000000D698200E40
6144006F4C10B0E0
55600CC057C80CC0
00013F878B800E00
58000CC044200CEC
000000D498200E40
57880EE075C004EC
000000D49C200E40
000000D498200E40
4BD006004C0000EC
592381406138005E
74204A1054000040
00005C88A3000000
CBC00A004C1000C0
0083126E978D4FE0
54000040614C004C
000062E8A3000000
4C200CCE4BD00E00
59220C4061000041
00007FFE8C1000C0
57880CC061440003
59A20C405D220C40
4C0000CE59A28E40
612800434BD00600
A300000054000040
CBC00A0000006B74
0083126E978D4FE0
5B311C40742005C0
5B310C4074603AC0
5A208C40742038C0
58252C40742012C2
46400CCE4BD0CE00
59A27D4059A26E40
00013E9E8B800B00
5061CEE044200CBC
44200EED58000CC0
55200CC050004CEC
00007FFF8BD00E00
5D228C4045C00CCE
5922CC405D220640
59221D4059238E40
5020CED046400CCE
55580EE05060CCC0
5D22DC4046800CCE
5D23D6405D22CD40
A300000054000040
CBC00A0000006C0C
0083126E978D4FE0
A300000061000012
4BD00E0000007564
4C1000C04C600CCE
978D4FE0CBC00A00
614C00090083126E
000000D49C200640
000000D598200C40
57880CC0766004C6
000000D59C200C40
74600BC65A208C40
49010EE059215E40
5A000E70742008E0
44600EED5A20CD40
4BD28D0055600EE0
4420066E4E600EED
49008EE058209E40
4BD01E004C1000E0
614800235F3FAEF0
746021C4742002C7
5A000E705A234C40
88300BC05A20CD40
68400BBA000A4CB8
55600EE044600EED
5788066075C005BE
5F3FACF04BD00C00
98200D4061000014
A8800DD0000000D7
44200CDC000124F8
75C00DCE68400CCA
A300000054000040
746006C0000073AC
000000D798200C40
9C200C4057880CC0
CBC00A00000000D7
0083126E978D4FE0
74201F505B312540
59A28E405A000C70
A8800EE05A20CD40
44600CCD00000006
4C0800CE55600EE0
61000015613C0009
540001504BD04000
FFFFDFE8A3000000
540005704C100070
5B30105061480007
743FF7005B300750
FFFFE958A3000000
4BD00C006103FFF4
8B8007005F312C40
CBC00A00000425F8
0083126E978D4FE0
746008C35A208C40
5A20CD405A000E70
55600EE044600EED
4E600EED4BD28D00
4C1090C04420066E
5A000C70614C000A
44600CCE5A20CE40
000000F08C1800C0
614400024BD01C00
540006C054000C60
74200FC055480C60
540000405B319740
00001440A3000000
000425688B800C00
5B3FBEF05B300CC0
7400E6C474201DE0
5B3FBEF05B302C40
6100001D5F302CE0
57880CC05822CC40
5C22CC405B302640
55480CC05822DE40
4BD00C00759EF9CE
8B800E005C22CC40
5C000CE00004252D
74203AC05B318C40
540001405B303040
CBC00A006280000C
0083126E978D4FE0
4C200CCE4BD00E00
7440EEC461000032
8B800E005B302C40
5F300CE0000424DC
74600EC05B3FACF0
59214E4059213C40
5A2181405A20D240
64C00B0048304D40
540000405F305EB0
5F304CB054000340
A30000005F303DB0
5A208C4000006E3C
5B3026405B303540
4BD0200074209BC1
A300000054000140
4C100070FFFFDE4C
8B800E004BD00C00
5C000CE00004247D
5400005061480004
628000074BDF3100
000424618B800C00
4C1000C058000CC0
000424548B800700
978D4FE0CBC00A00
614C00070083126E
4BD01C006103FEBA
000424318B800E00
742009E058000EE0
000424108B800C00
4C1000405B3004C0
5F3FBCF04BD00C00
61000009614FFEA2
54000040743EABC0
00005E68A3000000
978D4FE0CBC00A00
6103FEA40083126E
000423D88B800500
742029405B300450
610000074BD00600
6C0000006C000000
540006405B302C40
74202140540004C0
4C10A0C05A208C40
5A000C70614C0047
44600CCE5A20CE40
000000F18C1800C0
54000040613BFFF4
00001248A3000000
742005605B300C50
5B302C4074005FC4
610000045F302C60
5B302C40744073C4
5A208C405F300C50
5B30274074203FC1
540001404BD02000
FFFFDD08A3000000
8B80070054000470
747FE14000042340
5B3FD6F05B3FC7F0
5B3FF4F05B3FE5F0
8B80000066800000
8B800100000138F6
8B80030000012815
8BD0020000012653
A3000000000004C4
6C0000000000F6E0
8B80000061000000
8B800100000138C6
8B800300000127E5
8BD0020000012909
A3000000000004C3
6C0000000000F6B0
8B80000061000000
8B80010000013896
8B800300000127B5
8BD00200000135E2
A3000000000004C2
6C0000000000F680
8B80000061000000
8B80010000013866
8B80030000012785
8BD0020000011EC5
A3000000000005A5
6C0000000000F650
8B80000061000000
8B80010000013836
8B80030000012755
8BD00200000129D3
A3000000000000D4
6C0000000000F620
8B80000061000000
8B80010000013806
8B80030000012725
8BD00200000129A3
A3000000000000D4
6C0000000000F5F0
8B80000061000000
8B800100000137D6
8B800300000126F5
8BD0020000011ECC
A3000000000005B3
6C0000000000F5C0
8B80000061000000
8B800100000137A6
8B800300000126C5
8BD0020000013189
A300000000000571
6C0000000000F590
8B80000061000000
8B80010000013776
8B80030000012695
8BD0020000012B98
A3000000000005B7
6C0000000000F560
8B80000061000000
8B80010000013746
8B80030000012665
8BD002000001337D
A3000000000004D8
6C0000000000F530
8B80000061000000
8B80010000013716
8B80030000012635
8BD0020000013124
A300000000000575
6C0000000000F500
8B80000061000000
8B800100000136E6
8B80030000012605
8BD0020000012ED4
A3000000000004D9
6C0000000000F4D0
6600000361000000
5A208C0074200B00
59215C00742004C1
5D215C0052220CC0
A30000004BD01100
55080CC00000002C
8BD00C0066800000
55080CC0000000F0
11F0000066800000
11F0000011F00000
5F3FF4F066000007
540004004C100010
5A208C406148000A
746007C4742002C7
74601DC05B313C40
8C1000C05921CC40
614C001900000B68
74205AC05A208C40
746066C1742043C2
8B800E004BD01C00
4BD00D0000013B9C
6C00000061000004
742063C457880CC0
5B600BEB5021CBC0
610000045B300BB0
6C0000006C000000
743FF7B05B302BB0
745FFDA45B314AB0
6103FFFB5F314DB0
49010CC059215C40
8B80000074600DC0
8B800100000135C6
8B800300000124E5
8BD002000001234F
A300000000000164
6C0000000000F3B0
59213C4061000000
5A20D24059214E40
48304D405A218140
5F305EB064C00B00
5400034054000040
5F303DB05F304CB0
00006920A3000000
A300000054000040
8B800E0000000E44
5B300CE000041F6C
6C00000074004BC4
6C0000006C000000
54000EC0742049C0
745FFDC45B302CC0
5F302CE05B302C40
8B80000061000043
5400014000041F34
000004A8A3000000
00041F318B800C00
5C000EC04BD01E00
746057C15A208C40
000134F28B800000
000124118B800100
0001268F8B800300
000000D48BD00200
0000F2DCA3000000
59213C4061000000
8B800E0074204AC0
5B300CE000041ECC
6C000000740042C4
54000EC0742042C0
745FFDC45B302CC0
5F302CE05B302C40
540000406100003C
00000EC4A3000000
668000005B3FF4F0
00041E808B800000
A300000054000140
5A208C4000000404
8B80000074600FC1
8B8001000001345E
8B8003000001237D
8BD0020000012101
A3000000000000DF
6C0000000000F248
6C0000006C000000
4BD0300061000000
5B302CC061000023
4BD00C005F300CE0
00041EA08B800E00
5B300CE05F302C40
00041E298B800E00
4BD01C004C0000C4
6148000E5C000CE0
746013C15A208C40
000133E28B800000
000123018B800100
0001257F8B800300
000000D48BD00200
0000F1CCA3000000
A300000061000000
6100000900002D44
5F300CE05B302CC0
5F302C404BD00C00
540001404BD02000
FFFFD778A3000000
5B3FF4F04BD00C00
11F0000066800000
5F3FF4F06600000F
5F3FD6F05F3FE5F0
7420B9005F3FC7F0
5A208C0054000400
614800104C10A0C0
8B800000746023C1
8B8001000001334E
8B8003000001226D
8BD00200000125AE
A300000000000241
6C0000000000F138
6C0000006C000000
8B80000061000000
5400014000041D34
000002A0A3000000
746027C15A208C40
000132FA8B800000
000122198B800100
000124978B800300
000000D48BD00200
0000F0E4A3000000
6C0000006C000000
5A218E4061000000
5A20DE405F3F9EF0
5B319E405F3F8EF0
5B303E405F3FAEF0
592137405F3F7EF0
54000510742015C0
00041CB08B800000
A300000054000140
8B800C0000000224
55600E5000041CAD
4BD01B004BD00D00
5F3FBEF04C200EED
6100001C5C000BC0
540001404BD02000
FFFFD640A3000000
4C10007061000074
5F3FBCF04BD01C00
8B800E006148000D
5B300CE000041C4C
6C00000074000BC4
54000EC074200BC0
745FFDC45B302CC0
5F302CE05B302C40
4BD0070061000005
5B302CC061000005
4BD007005F300CE0
5B3115405F302740
5B31054074602D50
5B31254074603B50
5B3FBCF074604950
59214C4074600DC0
64C00D0048304E40
540000405F305CD0
5B3F82F05B3F91F0
5F3047D054000340
A30000005F303ED0
5A208C4000006564
8B80000074603FC1
8B8001000001319E
8B800300000120BD
8BD002000001233B
A3000000000000D4
6C0000000000EF88
6C0000006C000000
6C00000061000000
6C0000006C000000
540001504BD04000
FFFFD538A3000000
540005604C100060
5B301050614BFFD5
743FF7005B300650
FFFFDEA8A3000000
6C0000006103FFF4
6C0000006C000000
540001504BD04000
FFFFD4F8A3000000
540005604C100060
5B301050614BFFC7
743FF7005B300650
FFFFDE68A3000000
6C0000006103FFF4
6C0000006C000000
540001504BD04000
FFFFD4B8A3000000
540005604C100060
5B301050614BFFB9
743FF7005B300650
FFFFDE28A3000000
4BD020006103FFF4
A300000054000140
5B3FACF0FFFFD484
5B3F70F0742004C0
6280000C4BDF3100
5B3FD6F05B3FC7F0
5B3FF4F05B3FE5F0
11F0000066800000
5F3FF4F066000004
74201A0074200D10
5B300C0054000410
6C000000740023C1
54000EC0742023C0
745FFDC45B302CC0
5F302CE05B302C40
8B8000006100001D
8B8001000001302E
8B80030000011F4D
8BD002000001186D
A30000000000088D
6C0000000000EE18
6C0000006C000000
8B80000061000000
8B80010000012FF6
8B80030000011F15
8BD002000001243E
A30000000000088E
6C0000000000EDE0
5B302CC061000000
4BD00C005F300C00
540000405F302C40
00000898A3000000
74200BC15A208C40
614800094C10A0C0
49001EC059215C40
52208CC0742006E0
540000405D215C40
00005418A3000000
746006C15A208C40
5E208C404BD00C00
5B3FF4F05D213C40
5B310C4066800000
8B80000074200DC0
8B80010000012F56
8B80030000011E75
8BD0020000011918
A30000000000089D
6C0000000000ED40
5B311C4061000000
8B80000074200FC0
8B80010000012F1E
8B80030000011E3D
8BD002000001214B
A30000000000089E
6C0000000000ED08
6C0000006C000000
5B312C4061000000
8B800000743FDCC0
8B80010000012EDE
8B80030000011DFD
8BD002000001156C
A3000000000008A0
6C0000000000ECC8
6C0000006C000000
11F0000061000000
11F0000011F00000
5F3FF4F066000005
742012005F3FE5F0
6100000A54000400
6C0000006C000000
540001404BD04000
FFFFD258A3000000
540004504C100050
5B30104061480007
743FF7005B300540
FFFFDBC8A3000000
5B3FE5F06103FFF4
668000005B3FF4F0
4BD0110066000003
FFFFFAB8A3000000
11F0000066800000
11F0000011F00000
7460031066000003
00012EF88B800100
5A208C0074200800
8BD00B004C1000C0
61480007000000FA
6680000055080CB0
000000F08BD00B00
6680000055080CB0
4BD00C0074201D20
000133508B800E00
6C00000061000006
6C0000006C000000
74203FC457880CC0
5B600DED5021CDC0
610000045B300DD0
6C0000006C000000
743FF7D05B302DD0
745FFDB259213BD0
4C1000A05A000AD0
000000F88BD00B00
5A000910614BFFE2
745FF5A9743FE090
8B800C006103FFDE
59000EC000013304
8B800D004BD00B00
61000006000132D4
57880BB055580AB0
00003FFE8C1000A0
57880AE06144001B
8C1000E055580EA0
8BD00E000000FFFF
61480002FFFFC000
4BD00A0054000EA0
61000003555809E0
74200CA457880AA0
5B6008D85021C8A0
743FFB805B300880
6C0000006C000000
741FE72959213280
747FFD805B302880
540002E06103FFF4
4BD0020061000002
4C1000D055580D20
6148000F5D000EC0
742002C05A000C10
8B800C005E000C00
5D213200000416BC
5F302E005B300EC0
A30000005F3000C0
4BD00B000000684C
6680000055080CB0
000000FE8BD00B00
6680000055080CB0
4BD0020066000003
00000010A3000000
11F0000066800000
5F3FF4F066000005
4C1000005F3FE5F0
6148002E4BD00C00
4C1000E05A208E00
000000F18BD00E00
54000500614C002B
4BD0300054000420
FFFFCFC0A3000000
5400015074202AC0
5F303EC05B303E50
4BD01D0059213E50
5E208DC05D213EC0
5C224DC058224D50
5C209DC058209D50
5C208DC058208D50
5C20BDC05820BD50
5C20ADC05820AD50
4C1000E05A000D50
6148001E5E000DC0
000415D08B800D00
740016E15B300ED0
6C0000006C000000
54000DE0742015E0
745FFDE15B302EE0
5F302ED05B302E10
8BD00E006100000F
74200220000000F0
5B3FE5F05C000E20
668000005B3FF4F0
000000FF8BD00E00
4BD00C0054000240
5B302EE06103FFF7
4BD00E005F300ED0
5A208E105F302E10
8B80000074600DE1
8B80010000012B46
8B80030000011A65
8BD0020000011CE3
A3000000000000D4
6C0000000000E930
4BD0200061000000
A3000000540005C0
8B800C00FFFFCEF4
8B800E000000003C
5F305C5000041504
5F302C505B300CE0
A30000005F3005E0
4BD00E000000669C
5400024054000C50
11F000006103FFD3
7420071066000003
4BD0110054000010
FFFFF740A3000000
668000004BDF3C00
00012AAA8B800000
000119C98B800100
000122F48B800300
000003108BD00200
0000E894A3000000
6C0000006C000000
11F0000061000000
11F0000011F00000
7420110066000003
5921CE005A20DC00
8BD00A0059221B00
5A20FD00000005B4
44200BCE46400ABA
44600ABA44200ADA
000000008C1800A0
44600CBD6128000F
668000005D21DE00
00012A228B800000
000119418B800100
000115848B800300
000003AA8BD00200
0000E80CA3000000
44600EDC61000000
FFFFFFFF8C1800E0
8C1800E061300007
613C000700010000
5D21DE004BD00C00
4BD00C0066800000
668000005D21DC00
000129C28B800000
000118E18B800100
0001164B8B800300
000003BA8BD00200
0000E7ACA3000000
11F0000061000000
11F0000011F00000
7420460066000003
74600EC15A208C00
0001297A8B800000
000118998B800100
000126A08B800300
000003D78BD00200
0000E764A3000000
6C0000006C000000
5921CC0061000000
55580EC044200CC1
8BD00C004C0000EC
614C000200000B68
5D21CC0046400CEC
59221B005A20DE00
000005B48BD00A00
46400ABA5A20FD00
44200ADA44200BEC
8C1800A044600ABA
6128000C00000000
8C1800E044600EBD
5D21DC00000002D9
59215C006140001D
5D215C0052208CC0
00004D68A3000000
44600CDE66800000
FFFFFFFF8C1800C0
8C1800C061300011
6138000F00010000
000128AA8B800000
000117C98B800100
000115338B800300
000003BA8BD00200
0000E694A3000000
6C0000006C000000
4BD00C0061000000
668000005D21DC00
74200A0066000003
0004128C8B800C00
00012DFC8B800E00
5A000DE05A000CC0
5E000CE044200CDC
8B80000066800000
8B8001000001283E
8B8003000001175D
8BD00200000118AA
A3000000000008B9
6C0000000000E628
6C0000006C000000
11F0000061000000
11F0000011F00000
74200A2066000003
59230C1074200710
4BD28E00742005C0
483D8CC046800CCE
55580C004640000C
8B80000066800000
8B800100000127CE
8B800300000116ED
8BD0020000011FF1
A3000000000008CF
6C0000000000E5B8
6C0000006C000000
11F0000061000000
11F0000011F00000
5F3FF4F066000006
5F3FD6F05F3FE5F0
742012505B312500
6100000854000400
540001504BD04000
FFFFCB48A3000000
540005604C100060
5B30105061480007
743FF7005B300650
FFFFD4B8A3000000
4BD00C006103FFF4
5B3FD6F05F312C40
5B3FF4F05B3FE5F0
11F0000066800000
5F3FF4F066000006
5F3FD6F05F3FE5F0
5400040074202E00
4C10A0C05A208C00
4BD01E0061440006
89000CC050004CEC
746025C000000403
742005005B313040
FFFFD450A3000000
5F313C404BD00C00
74600A505B312540
6C00000061000011
540001504BD04000
FFFFCA98A3000000
540005604C100060
5B30105061480007
743FF7005B300650
FFFFD408A3000000
4BD00C006103FFF4
8BD00C005F312C40
5D220C400000FFFF
746014505B310540
746022505B311540
5F310C404BD00C00
5D23CC405F311C40
5B3FE5F05B3FD6F0
668000005B3FF4F0
6C0000006C000000
540001504BD04000
FFFFCA18A3000000
540005604C100060
5B301050614BFFEE
743FF7005B300650
FFFFD388A3000000
6C0000006103FFF4
6C0000006C000000
540001504BD04000
FFFFC9D8A3000000
540005604C100060
5B301050614BFFE0
743FF7005B300650
FFFFD348A3000000
660000046103FFF4
540004005F3FF4F0
4C1070E05A208E00
614800094BD00C00
74601BE3742002E4
A300000054000040
74600AC0000046D4
610000064BD05E00
A300000054000040
746004C0000046BC
4BD00C004BD09E00
742009CF5E208E40
74600BE055480EC0
A300000054000040
4BD00C00000049F4
668000005B3FF4F0
52218EC059215C40
5D215E404BD00C00
668000005B3FF4F0
5F3FF4F066000006
5F3FD6F05F3FE5F0
5400040074201000
4BD00C005B313500
5F313C0058215650
74200CC05B316C00
540001405B303040
4BD0030054000250
4C1F30C06280000C
61000035614C001C
000000F08BD00C00
74200C5061000032
5400004059208150
FFFFFB40A3000000
A300000054000050
4BD00C00FFFFD234
614C000D4C1F30C0
5A208C4061000026
59215C40742004C1
5D215C4052220CC0
4BD0110054000040
FFFFEE20A3000000
6148001B4C1F30C0
746016C055480CC0
742012C049020C60
8C1000C05921CC40
6148000300000B68
5D21CC4057880CC0
74200AC05B316C40
540001405B303040
4BD003004BD00200
4C1F30C06280000C
000000F38BD00C00
4BD00C0061480006
8BD00C0061000004
5F313540000000FB
5B3FD6F055080CC0
5B3FF4F05B3FE5F0
6600000466800000
74200D105F3FF4F0
59208C2074200F20
540001C054000010
A300000054000420
54000040FFFFFA54
FFFFD148A3000000
610000104BD00C00
000000F08BD00C00
4C1000306100000D
614C000A4BD00C00
742004C15A208C10
52220CC059215C10
540000105D215C10
A30000004BD01100
55080CC0FFFFED24
668000005B3FF4F0
5F3FF4F066000004
5400040074200A00
742003005B301000
FFFFD0D8A3000000
540001404BD04000
FFFFC738A3000000
668000005B3FF4F0
11F0000011F00000
5F3FF4F066000005
742010005F3FE5F0
4BD0400054000500
FFFFC6C0A3000000
540004C0742019C0
54000150540000C0
A30000004BD20200
5B301040000106CC
FFFFD680A3000000
8B80000061000010
8B800100000122EE
8B8003000001120D
8BD002000001149C
A300000000000686
6C0000000000E0D8
6C0000006C000000
4BD0040061000000
5B3FE5F054000C40
668000005B3FF4F0
11F0000011F00000
5F3FF4F066000006
5F3FD6F05F3FE5F0
4BD0200054000400
FFFFC620A3000000
8B800500746078C0
5B30005000040C8C
8B800C0074600F00
5B300CC000040C84
8B800E00742022C0
5A000EE000040C80
4BD00D004BD00000
6C00000061000015
540000604C100060
59215C00614BFFF3
5B30260049008EC0
89000CC0743FFAE0
5D215C000000FFF7
FFFFFC4CA3000000
6C0000006103FFF4
6C0000006C000000
46800DBD5B302CC0
5A20CBC0742009C0
55600BB044600BEB
759FF9BD55600DD0
6103FFF7540000C0
742004004BD00000
A30000004BD01100
4BD02000FFFFEE4C
FFFFC558A3000000
5B300C50746046C0
8B800E00742015C0
5A000EE000040BD0
4BD00D004BD00000
6C00000061000005
5B302CC046800DBD
5A208BC074200CC0
614FFFFC4C1090B0
44600BEB5A20CBC0
55600DD055600BB0
540000C0759FF6BD
4BD000006103FFF4
4BD0010074200400
FFFFEDD0A3000000
A30000004BD02000
746027C0FFFFC4DC
742016C05B300C50
00040B548B800E00
4BD000005A000EE0
610000064BD00D00
6C0000006C000000
5B302CC046800DBD
5A208BC074200CC0
614FFFFC4C1080B0
44600BEB5A20CBC0
55600DD055600BB0
540000C0759FF6BD
4BD000006103FFF4
4BD0010074200400
FFFFED50A3000000
A30000004BD02000
746007C0FFFFC45C
A300000054000040
4BD02000000000D4
FFFFC440A3000000
540000C074202AC0
8BD002004BD00100
540005C0000000D8
000104E8A3000000
5C22445054000C50
000016D08BD00E00
0B680B688BD00D00
5E20ED505D23AE50
000000FF8BD00D00
5C20BD504BD06B00
8BD00D005D228B50
5D227B500218FFFF
4BD01D005E210D50
00040A5C8B800B00
5A000DB05D22CD50
00040A508B800B00
58000DB05E20CD50
5D22DE505C22ED50
FFFFFC0C8B800E00
006DDD008BD00D00
5E234D505F316E50
5B3FE5F05B3FD6F0
668000005B3FF4F0
11F0000011F00000
7420240066000003
000409E88B800C00
74201BC05B300CC0
46400E0E4BD7FE00
000409E48B800B00
5A000EB057C80DE0
4BD00B004BD00000
6C00000061000008
44600BED5A20CDC0
54000DA0540000C0
74200CC05B302CC0
554809D058224AC0
613BFFF74C0000A9
5A20C9C0614FFFFA
4C08009B446009E9
6103FFF5613FFFF2
742004004BD00000
A30000004BD01100
66800000FFFFEBD4
4BD4000066000003
FFFFFCA0A3000000
11F0000066800000
7420110066000003
74600EC15A208C00
00011F1A8B800000
00010E398B800100
000114ED8B800300
000007E88BD00200
0000DD04A3000000
6C0000006C000000
5F31610061000000
6600000066800000
5A208C0074200400
5F305100746002C1
11F0000066800000
11F0000011F00000
5F3FF4F066000006
5F3FD6F05F3FE5F0
5400040074201300
742010C05A000C00
8B800C0054000510
5B3000C0000408AC
8B800C0074601300
5B3000C000040894
7420065074601B00
8B800C005A000E50
5B300CC000040874
5B3FD6F074601FE0
5B3FF4F05B3FE5F0
6C00000066800000
540000604C100060
5A000C00614BFFEF
5B3026005A000E40
4BD01100745FFACE
FFFFEAB0A3000000
6C0000006103FFF6
540000604C100060
5A000C00614BFFE7
5B3026005A000E40
4BD01100745FFACE
FFFFEA80A3000000
6C0000006103FFF6
743FE2C05B302CC0
5A000D405A000EC0
5A000E50745FFCED
6103FFF95E000EC0
5F3FF4F06600000B
5F3FD6F05F3FE5F0
74202C005F3FC7F0
8B8007005B301C00
5F300C70000407E4
4C1140C059209C00
8B8006006138001E
5B3001600001290C
540004005A208C60
A3000000540000C0
540000400000B4B8
5A208C60746014C0
8C1000C0490F0CC0
6148000F000000E0
5820DEC05B300C70
50244EE05820CCC0
A3000000454000EC
54000040FFFFAEF4
4C1140C050654CC0
59208E0061380004
7600141E4903C1C0
FFFFCA98A3000000
5B3FD6F05B3FC7F0
5B3FF4F05B3FE5F0
8B80000066800000
8B80010000011D06
8B80030000011746
8BD0020000011BE3
A300000000000083
6C0000000000DAF0
483ECC1061000000
000407108B800500
000407108B800D00
5D000C504BD00E00
59209E005F300ED0
5B300C0075C02FE1
54000040742100C0
A30000004BD14100
59209140FFFFCE34
44600EC159000C50
000406D88B800C00
555805E05F3FBEF0
540000405D0001C0
FFFFCE08A3000000
5B300C4054000040
765FCF5E59209EC0
8B800D005B301EC0
5F300ED00004069C
54000150540000C0
FFFFCDD8A3000000
5B3FBDF059208E40
5D208E4044600EED
74213ED059209D40
00011C228B800000
000116628B800100
000107A88B800300
000000DF8BD00200
0000DA0CA3000000
8B800E0061000000
5D000CE000040644
FFFFCD80A3000000
58201EC05B300C70
50244EE058000CC0
A3000000454000EC
5B300E70FFFFAD7C
5C201DE050644DC0
58203CE05C000CE0
50244CC058202EE0
A3000000454000CE
5B300E70FFFFAD54
5C203DE050644DC0
58204CE05C202CE0
58206BE058205DE0
50244DD058207EE0
502C4EE050284BB0
45400EEB45400CDC
A3000000454000EC
5B300E70FFFFAD24
5C207DE0506C4DC0
50644BC050684DC0
5C205BE05C206DE0
000405948B800D00
5E000CD05C204CE0
58209DE058208CE0
5820BEE05820ABE0
50284BB050244DD0
45400CDC502C4EE0
454000EC45400EEB
FFFFACC8A3000000
506C4DC05B300E70
50684DC05C20BDE0
5C20ADE050644BC0
8B800D005C209BE0
5C208CE00004053C
5820FCE05E000CD0
50244CC05820EEE0
A3000000454000CE
5B300E70FFFFAC74
5C20FDE050644DC0
5820DCE05C20ECE0
50244CC05820CEE0
A3000000454000CE
4903FEC0FFFFAC4C
000404EC8B800D00
540000405C000ED0
49003EC059208D40
000404D68B800A00
5D000DA04C1000E0
57880ED061480006
4C0000BE55580BE0
614FFF4D5D000EA0
000404688B800E00
74203E205B3002E0
5B300A705B301B60
5A2088605A207960
610000034BD00500
742036205B302250
5400052054000150
4C10A0205A208220
7420EE21614800D7
582082507420E120
5826C3B074200520
5548033057880330
582012A0745FF223
50244220580003A0
4540022359214E50
58203EA0745FECE2
50244EE0582022A0
45400EE259213350
5A201E50745FE63E
5A000E50745FE4E9
5B302B50745FE2E8
7420071074014FB5
8B800B005F302B10
5B300EB0000403B4
5F3005B05F302E50
4C0000E55B302E50
614C006954000040
0001197A8B800000
000113BA8B800100
000113DC8B800300
000001158BD00200
0000D764A3000000
8B800E0061000000
5B300EE00004036C
5B301B60742033E0
5A2079605B300A70
610000035A208860
74202CE05B302EE0
4C10A0105A2081E0
582081E0614C008D
5826C2B074200510
5548022057880220
582011A0745FF612
50244110580002A0
45400112592143E0
582031A0745FF031
50244110582022A0
45400112592133E0
5A2011E0745FEA31
5A0001E0745FE819
54000400745FE618
A3000000540000E0
610000C700000584
000118AA8B800000
000112EA8B800100
000112FC8B800300
000000C28BD00200
0000D694A3000000
6C0000006C000000
8B800B0061000000
5B3002B00004027C
5B301A6074202320
5A2088605B300970
610000034BD00E00
74201C205B3022E0
54000E20540001E0
7420052058208220
578803305826C3A0
745FF72355480330
5820239058203290
592135E050244220
745FF15245400223
742002205A0002E0
74200610745FEE28
5F302C105B302CE0
5F302CE05B300CB0
540000E05F300EB0
000005C8A3000000
4BD0050061000094
8B80040074206D50
4BD00E0000040234
5D208D405F300E40
5F3010405B300D70
000402388B800B00
5F300EB05F303D40
000402308B800700
8B80060049008CC0
4C1000C000040226
5D000E605C000E70
58215C0061480004
5C215C0052200CC0
74207BC05B313C50
A300000054000050
4C1F30C0FFFFF23C
5B313E5061480007
000401B68B800C00
742071E059000CC0
5921DC50742070C0
540000507460A7C0
000043A0A3000000
5B300C40610000A3
55580EE059208CC0
8B800000741ED0EC
8B8001000001171E
8B8003000001115E
8BD0020000011387
A3000000000000E0
6C0000000000D508
6C0000006C000000
8B80000061000000
8B800100000116E6
8B80030000011126
8BD0020000011172
A30000000000011F
6C0000000000D4D0
8B80000061000000
8B800100000116B6
8B800300000110F6
8BD002000000FFB6
A3000000000000FC
6C0000000000D4A0
8B80000061000000
8B80010000011686
8B800300000110C6
8BD002000001070C
A3000000000000FB
6C0000000000D470
8B80000061000000
8B80010000011656
8B80030000011096
8BD0020000010104
A3000000000000FD
6C0000000000D440
5B300C7061000000
5820CCC05820DEC0
454000EC50244EE0
FFFFA7C0A3000000
74601DC049004CC0
8B800E005B300C70
5A000EE000040050
8B800B0058203DC0
59000BB00004004A
50244DD058202AC0
45400EDA442002EB
5B30106058201DC0
50244DD058000CC0
000400188B800B00
45400CDC5A0001B0
5F305CD064C00D00
483203604831CC60
5F303CD05F304ED0
00004B60A3000000
6103FE1B54000040
000400188B800C00
540000505F3005C0
000005C0A3000000
614800324C1F30C0
49008CC058000C70
59000260746022C0
5B315C5074200A20
5B303050742006C0
6280000C54000150
614800264C1F30C0
5D000C604BD00C00
A300000054000050
55600CC000000E48
8B800C0074601FC0
5B3002C00003FF9C
5B313C5074205320
8B800000742032C0
8B80010000011506
8B80030000010F46
8BD00200000101C2
A3000000000001E6
610000000000D2F0
742004C05B319C50
4BDF21005B303050
8B8000006280000C
540001500003FEDC
FFFFE450A3000000
A300000054000050
5B301040FFFFD344
4C1000004BD00500
0003FF288B800C00
8B800C005F3005C0
5F3005C00003FF0C
A3000000614BFDDA
5F301540FFFFC1F4
8B8000006103FDD6
8B8001000001146E
8B80030000010EAE
8BD002000000FD98
A30000000000010D
610000000000D258
49010CC059215C50
5B316C50746008C0
5B30305074200DC0
4BD0030054000150
6100000D6280000C
A300000054000020
54000050FFFFC18C
FFFFE5D0A3000000
4BD000006103FFD7
4BD0030054000150
FFFFEFF4A3000000
55480CC0742009C0
000000F38C1000C0
8B800C00614BFFCD
5B300CC00003FE54
58000C705F313C50
742006C049020CC0
742011C05B313C50
52228EE058215EC0
4BD00C005C215EC0
0003FE308B800E00
540000505F300CE0
00000CACA3000000
747FB8C055600CC0
A300000054000050
6103FFB400003814
8C1000C05921CC50
6148000300000B68
5D21CC5057880CC0
743FECC05B316C50
540001505B303050
4BD003004BD00200
4C1F30C06280000C
6103FFE4614BFFA5
8B800C0066000006
58000CC00003FD88
74603EE049004EC0
746008E049002EC0
742031C049001CC0
0003FD348B800C00
5E20CC005A000CC0
8B800C006100002C
5A000CC00003FD48
44600DCE5A20DE00
000000008C1800D0
5921CD0061280024
44200EED44600EEC
000000008C1800E0
8B800E006128001E
5B300EE00003FCF4
0003FD0E8B800D00
59000DD058203BE0
50244BB058202AE0
45400CBA442002CD
8B800B0058201DE0
58000EE00003FCE4
5A0001B050244DD0
64C00D0045400EDE
00011DE88B800B00
4831CEB05F305ED0
5F304CD0483203B0
A30000005F303ED0
668000000000460C
0003FCA68B800C00
742006C059000CC0
52208CC059215C00
A30000005D215C00
66800000000036C4
5F3FF4F06600000A
5F3FD6F05F3FE5F0
8B800C005F3FC7F0
58000CC00003FC68
746081E049004EC0
74605FE049010EC0
74207DC049002CC0
5822400054000700
FFFFEF48A3000000
540004C074207DC0
00011D488B800C00
5E000E405A208EC0
5E201C405A207CC0
8B800E0059213C70
5D213C400003FBEC
58201EC05B300CE0
50244EE058000CC0
5D214C4045400CEC
8B8006004BD03C00
5E208C400003FBE0
57880CC05A000C60
5E20DC4048304540
540000405E20FC40
FFFFE900A3000000
5E218C405E21AC40
5E21BC405E215C40
57C80CC05A000C60
5B303C705E219C40
5F3147405F303C40
4900CCC058209C70
58208C705C209C40
0003FB408B800E00
5B300CE05C208C40
5F3004E05F302C40
00004CC8A3000000
0003FB318B800C00
5C000EC04BD01E00
A300000054000040
8B800C0000000AAC
5B300CC00003FB24
5820ECC05820FEC0
45400CEC50244EE0
5D239C405D238C40
5400005059221640
0000A078A3000000
54000060540001C0
A300000054000250
5D221C40FFFFE8B4
4BD1210054000040
000032C0A3000000
742031C054000040
A30000004BD00100
61000021FFFFDD0C
00011BF08B800C00
8B800E005B3010C0
8B800D000003FAA4
5B300EE00003FAB8
8B800B005A000DD0
58203AE00003FAB2
582029E059000BB0
442002DB50244AA0
58201BE045400DA9
0003FA888B800A00
50244BB058000EE0
45400EBE5A0001A0
5F305EB064C00B00
483203C04831CEC0
5F303EB05F304DB0
000045C8A3000000
5B3FD6F05B3FC7F0
5B3FF4F05B3FE5F0
5B305C7066800000
5B303070743FFAC0
4BDFF2004BD00100
6103FFF56280000C
00003460A3000000
11F000006103FFF2
5F3FF4F06600000A
5F3FD6F05F3FE5F0
8B8006005F3FC7F0
580007600003FA00
4C1000C049004C70
614C004854000400
7420055049002570
89000CC05A208C40
7461ADC2FFFFFFFE
49010CC059215C40
8B800C00746005C0
5A000CC00003F990
4BD00C005E20CC40
540000405D26BC40
00000900A3000000
5A208C4074200550
FFFFFFFE89000CC0
5A208C407460FCC2
756068C375604AC5
4C1030C07420A8C2
614C01994BD00600
49010C7074613450
8B800C00742196C0
5A0001C00003F95C
44600CC15A215C40
FFFFFFFF8C1800C0
8B800C0061300161
5A000CC00003F938
0003F9368B800E00
0003F9088B800D00
5B300DD059000EE0
58203CD0442002CE
58201BD058202ED0
58000DD050244CC0
45400CCE50244BB0
64C00D0045400EBD
00011A108B800B00
4831CEB05F305ED0
54000040483203B0
5F303ED05F304CD0
00004230A3000000
5A208C4061000170
8B800E00746009C2
5A000EE00003F8BC
4C0000ED5A218D40
614800074BD00600
8B800E0061000166
5A000EE00003F898
744011ED5A20DD40
8B800C0074201EC0
58000EC00003F8B4
5C000EC052218EE0
89000CC059215C40
8BD006000000FFFE
61000154000000F2
74208EC6756038C7
610000AD74204FC7
8C1800C044600CED
4BD0060000000000
5921CC406128014C
44200CEC44600EDE
000000008C1800C0
59215C4061280146
6100014252208CC0
00010DBA8B800000
000107FA8B800100
0000FA908B800300
0000033B8BD00200
0000CBA4A3000000
6C0000006C000000
742032C461000000
54000040746090C5
000008E0A3000000
0003F7F88B800C00
58000E6058000CC0
49010CE049020DC0
742085C07460D1D0
0003F7A88B800C00
5A218E405A000CC0
4BD006004C0000CE
5B310C40614C0122
4BD06C00746120C0
6100011D5E208C40
614800714C1080C0
614C00754C1090C0
A300000054000040
58000C6000000874
74206FC049010CC0
0003F7508B800C00
5A218E405A000CC0
4BD006004C0000CE
5B310C40614C010C
8B800C0074610AC0
58000EC00003F75C
5C000EC052220EE0
5400004061000104
00000820A3000000
0003F7388B800C00
49020CC058000CC0
59215C40742058C0
4BD07E0052208CC0
5E208E405D215C40
610000F54BD00600
4C1120C049012C70
614C004F4BD00600
0003F6C88B800C00
5A000CC05A215E40
4C0800CE57880EE0
8B800E00614C0048
5A000EE00003F6A8
5E20DD4057880DE0
8B800D005E20FD40
5E215C400003F674
5820FDC05B300CD0
50244DD05820ECC0
5D238C4045400CDC
57C80CE05D239C40
5E219C404BD04E00
592215405E208E40
5400006048304640
00009BB0A3000000
54000050540001C0
A300000054000260
8C1000C0FFFFE3EC
5D221C400000088E
5020CEC06140007E
540000406100007E
00000728A3000000
0003F6408B800C00
49020CC058000CC0
4BD006004C1000C0
59215C40614800BC
5D215C4052208CC0
A300000054000040
8B800E00FFFFE474
5B300CE00003F59C
7420C8C07400C7C4
5B302CC054000EC0
5B302C40745FFDC4
610000C25F302CE0
A300000054000040
58000C60000006BC
74602CC049010CC0
610000A34BD00600
7420A1C049010C70
0003F5688B800C00
0003F57C8B800E00
5A000EE05B300CC0
0003F5768B800D00
59000DD058203BC0
50244BB058202AC0
45400EBA442002ED
8B800B0058201DC0
58000CC00003F54C
5A0001B050244DD0
64C00D0045400CDC
000116508B800B00
4831CCB05F305CD0
54000040483203B0
5F303CD05F304ED0
00003E70A3000000
76607FC558252C40
540000405D220640
000039B8A3000000
8B800C006100007A
5A000CC00003F4EC
4C0000CE5A218E40
614C00734BD00600
746071C05B310C40
A300000054000040
8B800E00FFFFE354
5B300CE00003F47C
742080C074007FC4
5B302CC054000EC0
6103FFB8745FFDC4
0003F4948B800C00
5A000CC05A20DE40
4C0800CE57C80EE0
54000040614C005E
00003A98A3000000
742008C06100005A
0003F4688B800C00
5A218E405A000CC0
5B310C40744003CE
59215C40742058C0
5D215C4052208CC0
4BD006004BD08C00
6100004B5E208C40
0000111C8BD00E00
758005DE50214DC0
0000088E8BD00E00
5020CDC046800CCE
5923BC405D22CD40
57C80CC0742008C0
5B3110405D23BC40
5B300C0074201F00
610000205F311C40
000109928B800000
000103D28B800100
000101F98B800300
000003778BD00200
0000C77CA3000000
5A218C4061000000
8C1800C044600CC1
612BFE9C00000000
5E208C404BD04C00
742058C05B314C40
742075C05B305CC0
540001405B303040
6280000C4BD00200
5B31004061000054
5B300C0074204300
A30000005F310C40
5B311C40FFFFE59C
4BD00C00742005C0
5C252C405D220C40
8BD00C0061000004
5D220C400000FFFF
742009C05B317C40
540001405B303040
6280000C4BD00200
8BD006004C1F30C0
61480005000000F3
52208CC059215C40
5D215C404BD00600
5B3FC7F055080C60
5B3FE5F05B3FD6F0
668000005B3FF4F0
52208CC059215C40
540000405D215C40
FFFFE170A3000000
0003F2988B800E00
740006C45B300CE0
54000EC0742007C0
745FFDC45B302CC0
5B302CC06103FF3F
4BD006005F300CE0
0003F2798B800C00
5F3026404BD01E00
4BD0AC005C000EC0
0003F2588B800E00
5B300CE05E208C40
5F3004E05F302C40
000043D8A3000000
8B8000006103FFDA
8B80010000010816
8B80030000010256
8BD002000000F8C3
A30000000000037F
6C0000000000C600
CBC00C0061000000
00000000FFFFFFFA
74200CC055600CC0
FFFFFFF3CBC00E00
4C0000CE00000000
000000F38BD00600
54000040614BFFC2
FFFFD978A3000000
540000406103FFBE
00000308A3000000
0003F2228B800C00
742003E059000EC0
5D000EC057C80EE0
8C1000C059221C40
614000100000088E
610000105020CDC0
0001076A8B800000
000101AA8B800100
0000F35A8B800300
000003B88BD00200
0000C554A3000000
6C0000006C000000
8BD00D0061000000
50214EC00000111C
8BD00E00758005ED
46800CCE0000088E
8B800C005020CEC0
5D22CE400003F19C
49020CC058000CC0
59215C40743F94C0
4BD07E0052208CC0
5E208E405D215C40
660000046103FF8E
8B800C005F3FF4F0
58000CC00003F164
4C1000C049010CC0
614800134BD00C00
59215C0054000400
746006C049010CC0
742004C05B319C40
4BDF11005B303040
8B8000006280000C
540001400003F0B4
FFFFD628A3000000
A300000054000040
4BD01C00FFFFC51C
668000005B3FF4F0
8B800C0066000000
58000EC00003F0F4
5C000EC052220EE0
11F0000066800000
11F0000011F00000
8B800C0066000000
59000CC00003F084
8B800E00742065C0
8B800D000003F07C
8B800B000003F064
5B300AD00003F074
59000DB05B300EE0
4BD0090048314BA0
6100000955580AD0
6C0000006C000000
5D22110048304890
4C00009C55580980
613C005054000980
442008B155580190
540001804C00001A
4460019D61380004
442001E155480110
54000810742002E0
5788089058000180
74201112743FF011
5558028074204110
442001B2555803D0
540002104C000023
4460088D61380004
442002E855480880
54000120742002E0
75A0348258000810
6103FFDF44200898
442001B255580280
540002104C00002A
4460088D61380004
442002E855480880
54000120742002E0
7460268458000810
5558021048302190
7640228C48302820
4C00002A442008B2
6138000454000280
554801104460011D
742002E0442002E1
4830339054000820
5800088055580230
4C00002A442001B2
6138000454000210
554802204460023D
742002E0442002E2
5800011054000120
4540088150244880
FFFFFA4B88300180
FFFFFA4C8C100010
000005B48BD00100
54000180613BFFAE
668000006103FFAC
11F0000011F00000
5F3FF4F066000008
5F3FD6F05F3FE5F0
5A208C005F3FC7F0
54000400762059C3
0003EED48B800C00
49010CC058000CC0
8B8007004C1000C0
8B8006000003EEC2
614800F90003EEB0
5A000D605A219B40
44600ABD59238C40
8C1800A05A21AE40
8B80050000000000
612800110003EE8C
5A000B50744006BD
8C1800B044600BEB
6128000B00000000
744017EB5A000B50
0003EE408B800B00
5820FAB05B300BB0
50244AA05820EBB0
76000FBC45400BAB
0003EE208B800B00
5820FAB05B300BB0
50244AA05820EBB0
5D238B4045400BAB
75C002AB59239A40
5E219D405D239B40
5E21AD405A000D50
5A000B505A215D40
8C1800A044600ADB
6128002E00000000
7460A4A059000A70
592389405A21AA40
44200EA944200CEC
614C009E4C0800EC
74409CDB59A20C40
58253C4074A09BC0
000000FF8C1000C0
57880CC061480003
58253C405C253C40
5922CE4075A008C4
44200EED59221D40
0000FFFF8BD00D00
5D22CE4046400EED
5400004075A08BC3
00003520A3000000
8B80000061000087
8B8001000001031E
8B8003000000FD5E
8BD0020000010213
A300000000000488
6C0000000000C108
6C0000006C000000
5A218C4061000000
8C1800C044600CCB
6128002600000000
49004EC059215C40
89000CC0742008E0
5D215C400000FFFB
4BD00E005922DC40
5D23DE405D22CC40
5D229C404BD00C00
59227E4059A26C40
44200CCE5061CCC0
5E215B405D228C40
5922DA405922CC40
75C014CA44600EBD
54880DD059215D40
59221B405065CDD0
50004DBD49001DD0
55580AD055580BE0
54000ED0758002BA
44200CCE55580EE0
0000FFFF8BD00E00
5400004061000012
00002EA0A3000000
5923DD406100004B
44200DDE55580EE0
0000FFFF8BD00E00
4C0000DC46400DDE
613800075D23DD40
5D23DD4044600DDC
44200CCD59221D40
5D22CC4046400CCE
5B3102405B311140
A300000054000040
540002C000000E3C
5B3101405F311C40
A300000054000040
5F310C4000000E24
4BD00D005B311E40
4BDFFB004C1000E0
4BD00B0061480002
5D220B404C1000C0
614C00025C22CD40
8B800D005D23CD40
5923AB400003EC1E
44200DDB59000DD0
59215D405D23AD40
0000080089000DD0
742003E074201BD0
610000035B303CE0
5B303CC0742013C0
58205DC058204EC0
58207CC058206BC0
50284BB050244DD0
45400EDE502C4CC0
454000CE45400CCB
FFFF92F0A3000000
44600CCE5A217E40
000000008C1800C0
59215C4061280005
0000F7FF89000CC0
5A211C405D215C40
5A212E40742024C0
44600EED5A000D50
FFFFFFFF8C1800E0
59A26E406134001E
FFFFFFF889000DE0
0003EB048B800B00
5A000BB05061CDD0
44600CBC44200CCD
89000BC044200DEC
55180ED000008000
5D226D404C1000B0
54480CC061480002
89000BD059A27D40
50614BB0FFFFFFFC
44200CDC44600CCB
5D227C405061CEE0
4BD00E0044200CCE
5E211E405D228C40
742020D059000D70
76601EC65A208C40
5A000E605A20DC40
756006BF44680BEC
44600DCD44200DED
FFFFFFFF8C1800D0
756004BF613000DF
52208CC059215C40
5A000C605D215C40
44600DCE5A20DE40
000000008C1800D0
5921CD4061280007
44600DCD44200DED
FFFFFFFF8C1800D0
5400004061300019
00002C60A3000000
5A000C6061000010
44600DCE5A20DE40
000000008C1800D0
5921CD4061280007
44600CCE44200EED
000000008C1800C0
59215C4061280004
5D215C4052208CC0
5B3FD6F05B3FC7F0
5B3FF4F05B3FE5F0
7440CECE66800000
0003E9F88B800500
5820DEC05B303C50
50244EE05820CCC0
454000EC59208650
FFFF9128A3000000
4BD00E0049003CC0
44200C6C4C600CCE
0003E9B48B800600
5921CE405D000C70
760044CE55580CC0
5820DEC05B303C50
50244EE05820CCC0
A3000000454000EC
49001CC0FFFF90E4
5B303C50742012C0
5820CCC05820DEC0
454000EC50244EE0
0000C0FF89000600
FFFF90B8A3000000
A30000004903E0C0
45400CC6FFFF90AC
50644DC05B303E50
5C20DDE05C20CCE0
5D208C505921CC40
5820DEC05B303C50
50244EE05820CCC0
A3000000454000EC
49002CC0FFFF9074
59208C50742004C0
5D208C5057C80CC0
592081505B301050
FFFFADF8A3000000
5820DEC05B303C50
50244EE05820CCC0
454000EC59208650
FFFF9030A3000000
4BD00E0049003CC0
44200C6C4C600CCE
8B8006005D000C70
5A000E600003E8B8
5A20DD4055580CC0
44200CEC5921CB40
4C0800CE44200EDB
5B312C40614C0149
5B303C507421EAC0
5820CCC05820DEC0
454000EC50244EE0
FFFF8FD0A3000000
5B31204049001CC0
74601100746004C0
610001DA4BD00600
5B300C007421DC00
A30000005F312C40
5B312040FFFFDA7C
540000606103FFFA
A30000005B300660
4C100060FFFFDA64
614801CC54000060
58205DC05B303C00
0003E8148B800E00
58204BC05A000EE0
58206AC050244DD0
45400DDB582079C0
502C4A9050284BA0
45400BAB59000970
45400DBD59208A00
44200ADA44200BE9
8C1800A044600ABA
6128017000000000
5820DEC054000600
50244EE05820CCC0
A3000000454000EC
49001CC0FFFF8F0C
5B303C50743FDBC0
5820CCC05820DEC0
454000EC50244EE0
FFFF8EE8A3000000
747FD2C049002CC0
5820DEC05B303C50
50244EE05820CCC0
4BD01000454007EC
FFFF8EC0A3000000
5B303E5045400CC7
5C20CCE050644DC0
592087505C20DDE0
A3000000555800C0
49003CC0FFFF8E9C
4C600CCE4BD00E00
8B80070044200C7C
5D000C700003E732
8B8005006103FFB9
5B3010500003E724
44600CCE7420C900
0000FFFF8C1800C0
59208D00613C00D1
7500EEED55200EC0
0000FC9A8B800000
0000F6DA8B800100
0000F5388B800300
0000059D8BD00200
0000BA84A3000000
6C0000006C000000
5B312D4061000000
4BD005007420CBD0
540006D0743F17D0
58204DE05B303ED0
58206AE058205BE0
50244BB0582079E0
502C499050284AA0
45400B9A45400DBD
7400EDCD45400DBD
5B303B5074201350
582059B058204AB0
58207BB0582068B0
5028488050244990
45400A9A502C4BB0
45400BBA45400BB8
44600ACD44600BBC
8C1800B045000BBA
61340006FFFFFFFF
44600BCD610000E6
FFFFFFFF8C1800B0
44600BDC6130010B
8C1800B05B300D60
54000560FFFFFFFF
4C1000D06137FFD6
614FFFD354000560
5820CEE05820DCE0
454000CE50244CC0
FFFF8D40A3000000
747EE2C049001CC0
0003E5E08B800000
FFFFD840A3000000
5F300C604C1000C0
5B303C60614BFEDB
58205DC058204EC0
58207CC058206BC0
50284BB050244DD0
45400EDE502C4CC0
59208D6045400CCB
8B80050045400CCE
5A000E500003E588
44600DED44200DCD
FFFFFFFF8C1800D0
44600CEC61340007
5B3010605D208C60
A3000000555801C0
5A20DC40FFFFAA5C
59000D705921CE40
44200CCE5A000B50
44600CCE44200EBD
FFFFFFFF8C1800C0
5B300C606137FEB7
5820DEC05B303CC0
50244EE05820CCC0
A3000000454000EC
49001CC0FFFF8C6C
5B300C60742014C0
5820DEC05B303CC0
50244EE05820CCC0
89000500454000EC
A30000000000C0FF
4903E0C0FFFF8C3C
FFFF8C30A3000000
45400CC55B300E60
50644DC05B303EE0
5C20CCE05C20DDE0
5921CE405A20DC40
0003E4AC8B800D00
44200CCE5A000DD0
44600CCD5B300E60
5B3010E05D208CE0
A3000000555801C0
5B300C60FFFFA98C
5820DDE05B303EC0
50244DD05820CEE0
454000DE592085C0
FFFF8BC0A3000000
4BD00E0049003CC0
44200C5C4C600CCE
8B800E005D000C70
5A000EE00003E448
5A20DD4055580CC0
44200CEC5921CB40
4C0800CE44200EDB
8B800000614BFE75
8B8001000000F9CE
8B8003000000F40E
8BD002000000E073
A3000000000006FF
6C0000000000B7B8
6C0000006C000000
8B80000061000000
8B8001000000F996
8B8003000000F3D6
8BD002000000F9CE
A30000000000059A
6C0000000000B780
8B80000061000000
8B8001000000F966
8B8003000000F3A6
8BD002000000F9AE
A30000000000059B
6C0000000000B750
8B80000061000000
A30000000003E394
5F312C40FFFFD5F4
8B8000006103FE49
8B8001000000F91E
8B8003000000F35E
8BD002000000DFC3
A3000000000005D2
6C0000000000B708
6C0000006C000000
59208E5061000000
5D208E5044600EEC
4C0800CE59209E00
44600DDC6140000A
5D208D004BD00B00
5B3000005D209B00
59209E0044600CCE
6147FFFA4C0800CE
A3000000556001C0
5A20DC40FFFFAA3C
506C4DC05B303E50
5C207DE05E000C60
50644BC050684DC0
5C205BE05C206DE0
6103FE125C204CE0
0003E2D08B800C00
59208E6059208CC0
8B800000761E19CE
A30000000003E2BC
743E14C0FFFFD51C
6100002F74602350
0003E2A08B800000
FFFFD500A3000000
5B303E50743E0DC0
58205BE058204DE0
58207EE058206AE0
50284AA050244BB0
45400DBD502C4EE0
59208B5045400EEA
8B800D0045400EED
5A000DD00003E250
44600BDB44200BEB
FFFFFFFF8C1800B0
44600EDE61340009
5B3010505D208E50
540007C0555801E0
FFFFA720A3000000
5F300C5054000C70
44600CDB6100000D
FFFFFFFF8C1800C0
540006006130000E
8B80000061000041
A30000000003E1FC
743DE4C0FFFFD45C
540000C05F312C40
A300000054000160
6103FDDE00000584
5F3FB0F054000670
5D208C5044600CDE
5820DEC05B303C50
50244EE05820CCC0
A3000000454000EC
49002CC0FFFF88FC
59208C50742004C0
5D208C5057C80CC0
592081505B301050
FFFFA680A3000000
5820DEC05B303C50
50244EE05820CCC0
454000EC59208750
FFFF88B8A3000000
4BD00E0049003CC0
44200C7C4C600CCE
5D000C6054000760
0003E13C8B800E00
55580CC05A000EE0
5B303D605B3FB6F0
58204ED044200CEC
58206AD058205BD0
50244BB058207DD0
502C4DD050284AA0
45400DDA45400EBE
45400EDE55600CC0
5F3126407440AFCE
0003E0EC8B800600
59000C705A000E60
5E20DE4044200EEC
75C00EEC5921CE40
0000F67A8B800000
0000F0BA8B800100
0000ED118B800300
0000060D8BD00200
0000B464A3000000
6C0000006C000000
44600CEC61000000
540000405D21CC40
FFFFCBD0A3000000
59208EC05B301C50
8B800D004C1000E0
614800040003E0A4
5F300CD04BD00E00
5B303C505F301E50
5820CCC05820DEC0
454000EC50244EE0
FFFF87A8A3000000
742006C049001CC0
0003E0708B800E00
52228CC058000CE0
5B3125405C000CE0
4BD0070074206850
5B300C5061000008
540000505F312C40
FFFFD240A3000000
74205F505B312540
58204EC05B303C50
58206BC058205DC0
50244DD058207AC0
502C4AA050284BB0
45400DAB45400EDE
45400EDE5A20DB40
5E000E60744052EB
5820CCC05820DEC0
5920865050244EE0
A3000000454000EC
49003CC0FFFF870C
4C600CC75A20DE40
44200CEC44200EE6
5B303C505E20DC40
5921C6405820DEC0
50244EE05820CCC0
454000EC59208750
FFFF86D0A3000000
4BD00E0049003CC0
44200CC74C600CCE
5B303C5076403EC6
5820CCC05820DEC0
5920865050244EE0
A3000000454000EC
49003CC0FFFF869C
4BD00D005921CE40
44600EE64C600CCD
5D21CC4044600CEC
A300000054000040
5B301150FFFFCA5C
4C1000C059208C10
0003DF048B800600
6148000A4BD00700
0003DF208B800C00
742004005B3000C0
FFFFA878A3000000
5F3001C061000002
5B303C505F301750
5820CCC05820DEC0
454000EC50244EE0
FFFF8618A3000000
743FA6C049001CC0
0003DEE08B800E00
52228CC058000CE0
5A208C405C000CE0
4BD07C00747F9FC4
6103FF9C5E208C40
49001EC059215C40
52200CC0746003E0
89000CC06103FD1B
6103FD170000FFFC
0000F4128B800000
0000EE528B800100
0000D9CB8B800300
000006328BD00200
0000B1FCA3000000
8B80000061000000
8B8001000000F3E6
8B8003000000EE26
8BD002000000EB02
A300000000000603
6C0000000000B1D0
11F0000061000000
11F0000011F00000
5F3FF4F066000009
5F3FD6F05F3FE5F0
5F3FA2F05F3FC7F0
5400071074204F10
6100000454000400
6C0000006C000000
5400067074204970
58204EC05B303C70
58206BC058205DC0
50244DD058207CC0
502C4CC050284BB0
45400CCB45400EDE
0003DDA08B800D00
5F3FBDF05A000DD0
A3000000454000CE
5B303E70FFFF84F4
540007C05820DDE0
50244ED05820CCE0
454000EC59208560
FFFF84C0A3000000
44200E7549003CC0
4C600CCD4BD00D00
44600EDE5B3FBDF0
8C1800C044600CEC
6128002500000000
5B3010605B300760
FFFFA630A3000000
758025EC5923BE40
5D23BC4044600CEC
0003DD4A8B800D00
59208E6059000CD0
5D000CD044200CEC
A300000054000060
5923BC40FFFFCF2C
5B3FACF0743FC8C0
747FC570747FC6C0
0000F28A8B800000
0000ECCA8B800100
0000E1B88B800300
0000046F8BD00200
0000B074A3000000
6C0000006C000000
4BD0060061000000
5B3FC7F054000C60
5B3FE5F05B3FD6F0
668000005B3FF4F0
0000F23A8B800000
0000EC7A8B800100
0000ECF38B800300
000004648BD00200
0000B024A3000000
6C0000006C000000
11F0000061000000
11F0000011F00000
5F3FF4F066000007
5F3FD6F05F3FE5F0
540004005F3FC7F0
5820DEC05B303C00
50244EE05820CCC0
454000EC54000510
FFFF8378A3000000
746036C049001CC0
0003DC0C8B800600
6C00000061000009
540000505B300750
FFFFCE28A3000000
540005704C100070
5B303C506148002E
5A000E6058205DC0
50244DD058204BC0
582079C058206AC0
50284BA045400DDB
59208940502C4A90
59208A5045400BAB
44200BE945400DBD
44600ABA44200ADA
000000008C1800A0
5820DEC061280021
50244EE05820CCC0
A3000000454000EC
49001CC0FFFF82DC
5B303C40743FDEC0
5820CCC05820DEC0
454007EC50244EE0
A30000004BD01000
45400CC7FFFF82B4
50644DC05B303E40
5C20DDE05C20CCE0
540000506103FFD0
FFFFC248A3000000
5F3005404BD00500
5B3FD6F05B3FC7F0
5B3FF4F05B3FE5F0
44600CDB66800000
FFFFFFFF8C1800C0
44600CDE6137FFF7
5B3010405D208C40
A3000000555801C0
6103FFF0FFFF9FF4
11F0000011F00000
5F3FF4F06600001B
5F3FD6F05F3FE5F0
4BD00C005F3FC7F0
8BD004004C100000
5D2EFCF0000000F0
59239C00614802A1
5060CCC059221600
742002C046400C6C
74229A10540006C0
8BD004005A208E00
4C1070E0000000F5
614400184BD00C00
50004EDE4BD01D00
742014E04909CEE0
4BD004004C100020
5923AC0061480010
5923BE007640042C
614000084C10F0E0
52238EC059215C00
000000FF8BD00400
5D215E004BD00C00
5B311C0061000005
7420B0C0742052E0
74227CC04BD01C00
5923B4005B310C00
5F3F82F04C1000C0
614800185F3F50F0
6C0000005F3F41F0
5B300CC0540007C0
58212C70747FFEC0
59208E7050214CC0
55580D6049004CC0
76001CED44200ECE
0000EF828B800000
0000E2C88B800100
0000E6D88B800300
000001E98BD00200
0000AD6CA3000000
5923CC0061000000
8B800000742023C0
8B8001000000EF4E
8B8003000000E294
8BD002000000D946
A30000000000024E
6C0000000000AD38
6C0000006C000000
5B3F5CF061000000
44600E6E5923CCC0
5D2EFCF04C1000C0
55580DE061480018
8B80000076002DCD
8B8001000000EEF6
8B8003000000E23C
8BD002000000EE04
A3000000000001FB
6C0000000000ACE0
5F3F41F061000000
5F3F0CF04BD00C00
4BD00B005F3EBCF0
4BD007005F3EECF0
610000BC5F3ECCF0
4BD00C004BD00D00
610000195F3EECF0
5B310C00746005C0
4BD01C004C1000C0
8B800000614BFFAD
8B8001000000EE7E
8B8003000000E1C4
8BD002000000E135
A30000000000015C
6C0000000000AC68
6C0000006C000000
46400DC261000000
44600EED44600CCD
5D2EFCF05F3EE7F0
5F3F0DF0592EFCF0
74200CC074000DD2
0000EE228B800000
0000E1688B800100
0000E28A8B800300
000002038BD00200
0000AC0CA3000000
4BD00C0061000000
5B3F0CF05F3EFCF0
4BD01C004C0000C2
54000D20613C0049
74204020555802E0
74203EE059208E70
5B3F0CF05F3F64F0
49001E3044600CDC
4C1000E045C004C2
614C00415F3FA3F0
54000CE05B301E70
747FFEE05B300EE0
4C13F0E058214EC0
614400065F3F94F0
59209CC05B301EC0
5B3F4EF044200CEC
55580140740211CE
4BD012004BD00000
A30000004BD01500
742056C0FFFF97FC
5B3F04F05B3F4EF0
5F301EC044200EE4
5F3F7CF0540000C0
FFFFA098A3000000
44200ECE5B3F6EF0
4BD00E005F3F6EF0
5B3F7DF04BD00C00
5B3FA3F05F3ECDF0
5B310C006100004C
4BD01C004C1000C0
8B800000614FFF4F
8B8001000000ED06
8B8003000000E04C
8BD002000000DAFD
A300000000000159
6C0000000000AAF0
4BD00E0061000000
5B3F0BF05F3EBEF0
540002D05F3ECEF0
4BD00E0061000042
5B3F0BF05F3EBEF0
6100003D5F3ECEF0
4BD01E0064C00C00
5F3043C05F305EC0
483DE3F055580540
540001504BD00000
5F303EC05B3F5EF0
000007C8A3000000
5F3F94F0742015C0
5B3F4EF05B3010C0
442001E45B3F04F0
540005C054000250
0000D020A3000000
A300000054000050
5B3F6EF0FFFF9FA4
5F3F6EF044200ECE
5F3EBCF04BD00C00
5B3FA3F05F3EC5F0
4BD00C0061000014
4BD1BC005F3ECCF0
5F3EBEF04BD00E00
5B3FA3F05B3F0BF0
4BD00C006100000F
4BD1BC005F3ECCF0
4BD005004BD00E00
5B3F04F05B3FA3F0
4C1000505F3EBEF0
6148000454000B40
44200B4C5B3F9CF0
4BD00E004BD00C00
5F3EE7F04C200CCE
5B3F64F05B3F82F0
5F3F64F07420B4C0
5F3F2CF049001C30
49002C3055580D60
4BD00C005F3EDCF0
4BD006005F3EFCF0
610000085F3F1DF0
5B3F7CF05F3F30F0
4C1000605B3FABF0
5B3F1DF0540006C0
555804B0614C00A2
44600C2B7600C124
46400ACD55580CC0
4C1000E05B3F2EF0
5F3F9AF05F3FABF0
592EFCF0614C0020
5F3F76F07460EAC0
540001A04BD36000
A30000004BD01200
4C1000C0FFFF95C4
614800524BD1B600
5B3F4CF0540005C0
5F301C5044200CC4
4BD001004BD36000
000002808BD00200
FFFF9590A3000000
540000C074204AC0
540005C054000150
FFFF9EC8A3000000
4BD0060054000050
610000464BD01C00
540001A04C0000CD
5B3EDCF0613C0018
5B3F5CF0746011C0
49040CC059215CC0
540001A04C1000C0
5B3EFCF0614C0010
5B3F5CF0746009C0
746006C05B310CC0
5B311CC05B3F5CF0
540001A04C1000C0
88300CA061480006
89000CC0000005BB
464001CD0001FFF8
8BD002004BD36000
A300000000000280
5B3F92F0FFFF94EC
4BD005004C1000C0
5B300EC061480009
59209EC07460CDE0
5D2EFEF044600EE2
540005C05D2082C0
74200C505D2092C0
7580D0C259209C50
5B3010505F3F76F0
442001C45B3F4CF0
0000CDC8A3000000
5B3F82F054000050
4BD00C0061000012
54000C605F3F3CF0
5B3F82F04BD1B600
4BD00C006103FF96
610000065B3F30F0
A300000054000050
4BD00C00FFFF973C
4C1000C04BD00000
614BFF895B3F82F0
5400060054000520
FFFF9CF8A3000000
44200ECE5B3F6EF0
55580CE05F3F6EF0
5F3F36F04C1110C0
5400006061380005
FFFF96F0A3000000
5B3F50F06100001E
442003C45A21BC00
4BD00E0064C00C00
4BD0020054000160
A30000005F303EC0
742011C000000584
4C1000D05B3EFDF0
5400025054000EC0
614800055B3FABF0
7420E4A05B3F7AF0
5F300CA054000ED0
44200BDB5B3F9DF0
5F3EFEF04BD00600
6103FF625F3EECF0
5F3EECF04BD00C00
5B3F7CF04BD1B600
6103FF5B54000250
59215C505B3F55F0
5B3EC0F052238CC0
5D215C504C100000
A300000061480003
5B3EF0F0FFFF9644
A300000074200300
5923BC50FFFFBA24
8BD004004C1000C0
614800B2000000FF
7460B0C05B311C50
7460AEC05B310C50
0000E8928B800000
0000DBD88B800100
0000E3AB8B800300
0000032B8BD00200
0000A67CA3000000
5B3F0CF061000000
540005204C1000C0
5B3014706148001C
5B30044061000002
59208C4074201440
44200CCE5B3F0EF0
5B300C405D208C40
5B301C40747FF9C0
442000CE59209E40
5B3F06F05B3F41F0
A300000054000260
540002500000CBDC
44200CC659209C40
6103FFEC5D209C40
5B3F0EF059208C70
5D208C7044200CCE
5B3ECEF0592EFCF0
5B3F5EF04C1000E0
6148001C5D23CCE0
5B3F64F04C100070
5B30107061480049
540001605B3EC6F0
FFFF9BA0A3000000
59208A6054000250
44200CCA59208C70
610000215D208C70
0000E79A8B800000
0000DAE08B800100
0000E7F18B800300
000002748BD00200
0000A584A3000000
6C0000006C000000
5B3EBCF061000000
4C1000C055580CC0
6148000F5B3F64F0
5B301C7074206370
5B300EC0742061C0
5B3EBAF0742093E0
59208CC054000DC0
54000CE044200BCA
5B300EE05D208BD0
6100008B747FFAE0
5B3EFCF074202970
5B3F5DF05F300C70
8B80000061000028
8B8001000000E706
8B8003000000DA4C
8BD002000000D314
A30000000000010E
6C0000000000A4F0
8B80000061000000
8B8001000000E6D6
8B8003000000DA1C
8BD002000000DF84
A30000000000026A
6C0000000000A4C0
8B80000061000000
8B8001000000E6A6
8B8003000000D9EC
8BD002000000E187
A3000000000002E4
6C0000000000A490
5B3F5DF061000000
5F310CD05B3EFCF0
44200CC25A21BCD0
5923ACD05E21BCD0
44600CC255580E40
5D23ACD04C1000E0
614800055D23B4D0
746003C05B311CD0
742034C05B310CD0
4C1000C05B3EECF0
614800124BD00400
5B3EDEF05B303CC0
74200EC074600FE0
5820CCC05820DEC0
454005EC50244EE0
A30000004BD08000
45400CC5FFFF77AC
5B303EE05B3EEEF0
5C20CCE050644DC0
55080C405C20DDE0
5B3FD6F05B3FC7F0
5B3FF4F05B3FE5F0
8B80000066800000
8B8001000000E5C6
8B8003000000D90C
8BD002000000E24E
A3000000000002EA
6C0000000000A3B0
8B80000061000000
8B8001000000E596
8B8003000000D8DC
8BD002000000DD03
A3000000000002AE
6C0000000000A380
8B80000061000000
8B8001000000E566
8B8003000000D8AC
8BD002000000E07F
A300000000000316
6C0000000000A350
5B3F04F061000000
8B80000074201740
8B8001000000E52E
8B8003000000D874
8BD002000000E45C
A300000000000234
6C0000000000A318
6C0000006C000000
5B3EBAF061000000
44200EEA59208EC0
59209EC05D208EC0
5D209EC044200EEA
4BD00C006103FF4C
5B3F9EF04BD01500
5F3ECDF04BD00D00
11F000006103FE36
5F3FF4F066000005
540004305F3FE5F0
5B307EF054000510
5B305CF05B306DF0
49002DD075C01412
59215DC074600DD0
4C1000D049040DD0
614C000D54000150
5B310EC0742007E0
5B311CC0746005E0
540001504C1000C0
88300C5061480006
89000CC0000005BB
464001C20001FFF8
000002808BD00200
FFFF8ED8A3000000
5B300EC0742011C0
8B800000742011E0
8B8001000000E42E
8B8003000000D774
8BD002000000D03C
A30000000000010E
6C0000000000A218
6C0000006C000000
4BD00C0061000000
59209EC061000006
5D000E4044600EE5
5D2095C05D2085C0
5B3FF4F05B3FE5F0
11F0000066800000
5F3FF4F066000009
5F3FD6F05F3FE5F0
5B3054F05F3FC7F0
5400061074201F10
5F3FA3F054000500
4BD040005F3FB2F0
FFFF8738A3000000
5C2124C0742023C0
50214D404BD00E00
5F3016C05F300EC0
490044D059208E60
8B80000075C020E4
8B8001000000E36E
8B8003000000D6B4
8BD002000000D6C7
A3000000000000B3
6C0000000000A158
6C0000006C000000
8B80000061000000
8B8001000000E336
8B8003000000D67C
8BD002000000CE0B
A3000000000000A7
6C0000000000A120
5400006061000000
FFFF9078A3000000
6100003C4BD00C00
540007C044600EE4
540000605D208EC0
A30000004BD14100
742006C0FFFF93D4
A300000054000070
4BD00C00FFFFBF54
5B301C706100002F
5F303C705B301CC0
A300000059213050
5B303E70FFFF745C
5C201DE050644DC0
592140505C000CE0
FFFF7440A3000000
50644DC05B303E70
5C202CE05C203DE0
A30000005B3FA0F0
5B303D70FFFF7434
5C207ED0506C4EC0
50254B4050684EC0
89000BB05C206ED0
50644AC000001000
45400EBE5B3FBEF0
883000E05C205AD0
5C204CD000005000
FFFF73E0A3000000
54000C7054000EC0
50644BE05B303D70
4BD00B005C20DBD0
5C213BD05C20CED0
5B3FC7F05C212BD0
5B3FE5F05B3FD6F0
668000005B3FF4F0
11F0000011F00000
5F3FF4F06600000E
5F3FD6F05F3FE5F0
742018005F3FC7F0
7420B9405B310400
59208E4074202110
4BD00C004C0000E1
59221C00614000B6
8B8000007600271C
8B8001000000E1AE
8B8003000000D4F4
8BD002000000DCE5
A30000000000035E
6C00000000009F98
6C0000006C000000
8B80000061000000
8B8001000000E176
8B8003000000D4BC
8BD002000000DEEB
A30000000000034E
6C00000000009F60
8B80000061000000
8B8001000000E146
8B8003000000D48C
8BD002000000D5CC
A300000000000356
6C00000000009F30
5F3FA0F061000000
5F3F9CF058212C40
490047C050214CC0
446006E15F3FB1F0
555801C044200C67
8BD002004BD36000
A300000000000280
4C1000C0FFFF8B7C
614800784BD00000
5B301040540005C0
59208D4059208E00
44200CEC5B3FBCF0
44600CCD5B301E50
555803C0442001E7
555807605F3F86F0
A300000054000270
744067C7FFFF9804
5820DEC05B303C40
50244EE05820CCC0
A3000000454000EC
540006C0FFFF722C
490089605B303C40
58204EC049001A60
58206BC058205DC0
50244DD058207CC0
502C4CC050284BB0
45400CCB45400EDE
5F3F69F05F3F7AF0
454000CE454007A9
FFFF71F0A3000000
442003CE5B3FBEF0
5B3FA0F064C00C00
5400027054000150
5F303EC05B3F9EF0
FFFFFC40A3000000
4BD000004C1000C0
540005C061480041
4C1000C05B3F6CF0
614800024BD3FC00
45000EC64BD37C00
4C1000C05B3F7CF0
614800025B3F86F0
5F3FBEF04903EEE0
A30000005B301040
5B3FA7F0FFFF9314
44600CEC5923BE70
5B3010405D23BC70
44600CC659208C00
A3000000555801C0
59208C40FFFF8EEC
5D208C4044600CC6
5820DEC05B303C40
50244EE05820CCC0
5B3FB0F0454006EC
FFFF7118A3000000
5B303E4045400CC6
5C20CCE050644DC0
5B3010405C20DDE0
FFFF92A0A3000000
44200CEC5923BE70
5B3010505D23BC70
FFFF9288A3000000
44200CEC5923BE70
5B300C405D23BC70
5F3005405F300C50
4C1000C05B300C50
614C00094BD00C00
610000075D23CC70
7420030054000050
FFFF8C68A3000000
000000FF8BD00C00
5B3FC7F055080CC0
5B3FE5F05B3FD6F0
668000005B3FF4F0
5F3FF4F066000006
5F3FD6F05F3FE5F0
5B310C0074201600
54000500742010C0
5B300CC0540004C0
5B303C40747FFEC0
5820CCC05820DEC0
454000EC50244EE0
FFFF7038A3000000
4C1000C049007CC0
6148001054000050
A30000004BD01100
6100001E00000094
0000DE628B800000
0000D1A88B800100
0000D0A88B800300
000003EF8BD00200
00009C4CA3000000
5B303C4061000000
5820CCC05820DEC0
454005EC50244EE0
4BD0100054000600
FFFF6FC8A3000000
5B303E4045400CC5
5C20CCE050644DC0
59215C605C20DDE0
4BD00C0052228EC0
5B3FD6F05D215E60
5B3FF4F05B3FE5F0
11F0000066800000
5F3FF4F066000009
5F3FD6F05F3FE5F0
490037105F3FC7F0
5400040074201B70
5F3FB1F074202500
5020C65049002510
540001604BD36000
000002808BD00200
FFFF8830A3000000
59209EC074203FC0
8B80000075C025E6
8B8001000000DD86
8B8003000000D0CC
8BD002000000DDEB
A30000000000043E
6C00000000009B70
8B80000061000000
8B8001000000DD56
8B8003000000D09C
8BD002000000CAF8
A300000000000414
6C00000000009B40
8B80000061000000
8B8001000000DD26
8B8003000000D06C
8BD002000000D86A
A300000000000415
6C00000000009B10
5A21B34061000000
64C00D005060CE50
540001C054000040
5F303ED05B3FB2F0
FFFFF910A3000000
5B303EC074200FC0
742017E049003EE0
0000DCC28B800000
0000D0088B800100
0000C4998B800300
000004468BD00200
00009AACA3000000
59215C4061000000
8BD00C0052238EC0
5D215E40000000FF
5B3FC7F055080CC0
5B3FE5F05B3FD6F0
668000005B3FF4F0
74200CE059208EC0
0000DC628B800000
0000CFA88B800100
0000CBB08B800300
000004478BD00200
00009A4CA3000000
5B310D4061000000
5B3FBEF0742007D0
5B300DD054000BD0
5F300CB0747FFED0
5F310C4061000003
4BD00D005B3FBEF0
4C10007049001EE0
614800045D23CD40
57880DD05A21BD40
742004E05E21BD40
52228EE059215E40
5B3010C05D215E40
FFFF8F30A3000000
44200EEC5923BE40
4C1000C055580CE0
5D23BE404BD00C00
5B311E40614BFFCE
5B310E40747FCCE0
8B800000747FCAE0
8B8001000000DBA6
8B8003000000CEEC
8BD002000000DAFD
A30000000000046A
6C00000000009990
11F0000061000000
11F0000011F00000
5F3FF4F06600000F
5F3FD6F05F3FE5F0
742010005F3FC7F0
5A208C0054000400
8B800000746019C1
8B8001000000DB46
8B8003000000CE8C
8BD002000000CDD7
A3000000000004E8
6C00000000009930
8B80000061000000
8B8001000000DB16
8B8003000000CE5C
8BD002000000C305
A3000000000004E5
6C00000000009900
8B800C0061000000
5B300CC00003C574
4BD00C004C0000C4
5B310740614801AA
5922C64059238540
5820804074203570
4C10000048304C40
614800375F3F9CF0
FFFF84B0A3000000
5A000E40742038C0
746003E046400556
5E000E405A202EC0
5B303C705F3F8CF0
58205DC058204EC0
58207CC058206BC0
50284BB050244DD0
45400EDE502C4CC0
454000CE45400CCB
FFFF6C18A3000000
59208D705A215E40
44200CCD44600CCE
614000224C0800C5
74400C5C59238C40
74600AC05B311C40
000000D598200C40
8BD00C00746007C0
4BD00E0000000100
9C200E405D26AC40
59215C40000000D6
4C1000C049002CC0
614C00054BD00C00
59215E406100016E
74216BE049002EE0
A300000054000040
6100016B00000644
A3000000540000C0
747FCAC000006984
000000FC8BD00C00
5F3FA5F061000164
9C200C404BD00C00
5B311C40000000D5
4BD00E004C1000C0
6C00000061480007
6C0000006C000000
5B300CC054000EC0
5F3F7EF0747FFEC0
0000008888300C40
610000065F3FBCF0
A300000054000070
5B310740FFFFB5EC
5B303C7074214270
58205DC058204EC0
58207CC058206BC0
50284BB050244DD0
45400EDE502C4CC0
454000CE45400CCB
FFFF6AE8A3000000
59208D705A215E40
44200CCD44600CCE
4C0800CE5B3FAEF0
5B303C706144012E
5820CCC05820DEC0
454000EC50244EE0
FFFF6AA0A3000000
746135C049004CC0
5B300CC05B3FBCF0
59215C40742004C0
7420E2E049044EC0
74200EC25A208C40
5820DEC05B303C70
50244EE05820CCC0
4BD10000454005EC
FFFF6A58A3000000
5B303E7045400CC5
5C20CCE050644DC0
5B301C705C20DDE0
4C1010C058216CC0
614C006D4BD00C00
A30000005A20D040
5B303E70FFFF6A34
5C20BDE0506C4DC0
50644BC050684DC0
5C209BE05C20ADE0
5921D0405C208CE0
FFFF69F8A3000000
50644EC05B303670
5C20EC605C20FE60
5921DE405A20DC40
5E20FC4044200CCE
49001CC058212C70
48314560746003C0
8BD000006100000D
5B3F81F0000005B4
A30000005B3F92F0
894000C0FFFFB004
A300000002040000
48318560FFFF69AC
4BD00B005E205C60
756002CF59A20C40
5A211C405D220B40
8B800C00746014C0
5A000CC00003C1F0
5B303C705E211C40
58205DC058204EC0
58207CC058206BC0
50284BB050244DD0
45400EDE502C4CC0
454000CE45400CCB
FFFF6948A3000000
5E212C404BD00B00
5B303E705B301070
59209D005B301C00
44600DDC44600CEC
59208D005D209D00
5D208C0044600CDC
5C211BE05F301E00
58212D705C210BE0
49004DD050214DD0
48314EE044200EED
64C00E007440D65E
4BD06100555802C0
5B3F95F054000340
A30000005F3035E0
5B303E70FFFF7090
5C211DE050644DC0
5B3010705C210CE0
5820AC405820B340
5B3F8DF064C00E00
540001405F305DE0
4BD06D0054000250
5F303CE05F304DE0
00006B18A3000000
5B300C707460B9C0
5A208C405F310C40
59215C40742005C2
0000FFFC89000CC0
5B303C705D215C40
58205DC058204EC0
58207CC058206BC0
50284BB050244DD0
45400EDE502C4CC0
454000CE45400CCB
FFFF6838A3000000
5820DDE05B303E70
5820CCE0540006C0
5920857050244ED0
A3000000454000EC
49003CC0FFFF6804
4C600CCE4BD00E00
5A218D4044200E65
44600EDC44200CEC
FFFFFFFF8C1800E0
5E218C4061340002
5820DEC05B303C70
50244EE05820CCC0
454000EC59208570
FFFF67B8A3000000
4BD00E0049003CC0
45400C5C4C600CCE
4C1000C055580CC0
614BFF1F4BD00C00
5B3FBEF05F300C70
742033C05B300CE0
58204EC05B303C70
58206BC058205DC0
50244DD058207CC0
502C4CC050284BB0
45400CCB45400EDE
A3000000454000CE
5B3F75F0FFFF6764
58204DE05B303E50
58206AE058205BE0
50244BB058207EE0
502C4EE050284AA0
45400EEA45400DBD
454000ED540006C0
FFFF6728A3000000
8C1800C044600C6C
61300016FFFFFFFF
5F3F77F05F300750
5B310E406103FEFB
5B300DE0742006E0
59208EE0747F1CD0
75DF19ED59221D40
743F17E05923AE40
5923BC40490A0EC0
4C1100C0747F14E0
6100002F613FFF12
5F3007E05F3F77F0
5B3FB5F06103FEE9
742025C05B300C50
6C0000005B3FB5F0
58204EC05B303CC0
58206BC058205DC0
50244DD058207CC0
502C4CC050284BB0
45400CCB45400EDE
A3000000454000CE
5B303E70FFFF667C
58205BE058204DE0
58207EE058206AE0
50284AA050244BB0
45400DBD502C4EE0
540006C045400EEA
A3000000454000ED
44600C6CFFFF6644
FFFFFFFF8C1800C0
5B30055061340004
747FDFC05B300C50
5F300C705B300C50
6103FEBE5F300750
4C1000C05B310C40
614C00034BD00C00
5D23CE404BD00E00
89000EE059215E40
5D215E400000FF7F
5B3FC7F055080CC0
5B3FE5F05B3FD6F0
668000005B3FF4F0
0000D4128B800000
0000C7588B800100
0000CCFE8B800300
0000053B8BD00200
000091FCA3000000
59215E4061000000
6103FFEC52238EE0
0000D3DA8B800000
0000C7208B800100
0000BE018B800300
000006208BD00200
000091C4A3000000
6C0000006C000000
11F0000061000000
11F0000011F00000
5F3FF4F066000007
5400040074202100
A30000005A218000
59213340FFFF6544
5921DD4059214E40
540002C05A20D040
5F305DC064C00C00
4BD001004BD10D00
5F303EC05F304DC0
00000D88A3000000
5A20DE4074201DC0
44200EED5921DD40
5E20FE4048304340
540001C054000040
A300000054000240
59215E40000007E0
49403EE0742016C0
8B80000061000017
8B8001000000D30E
8B8003000000C654
8BD002000000BC63
A30000000000082D
6C000000000090F8
6C0000006C000000
59215C4061000000
8BD00C0049403EC0
61000004000000FE
0000FFFC89000EE0
5D215E404BD00C00
5B3FF4F055080CC0
11F0000066800000
11F0000011F00000
5F3FF4F066000007
5F3FD6F05F3FE5F0
74200F005F3FC7F0
4C1000C05B311C00
000000FA8BD00500
540006C06148003E
5B300E605B301D60
742012E058216DD0
540006E04C1010D0
61000035614BFFFA
0000D24A8B800000
0000C5908B800100
0000D1C98B800300
000006678BD00200
00009034A3000000
6C0000006C000000
746027D161000000
5F300E605B310E00
5F310C004BD00500
59215C005F311500
5D215C0052258CC0
58204EC05B303C60
58206BC058205DC0
50244DD058207CC0
502C4CC050284BB0
45400CCB45400EDE
5400070045400CCE
A3000000540000C0
5B303E60FFFF637C
540004C05820DDE0
50244ED05820CCE0
454000EC59208660
FFFF6348A3000000
4C600CC549003CC0
44200CEC44200E46
5E2115705E217C70
5B3FC7F055080C50
5B3FE5F05B3FD6F0
668000005B3FF4F0
11F0000011F00000
74200A0066000003
8C1000C058252C00
61480003000000FF
5C252C0057880CC0
FFFFF5D0A3000000
8B80000066800000
8B8001000000D12E
8B8003000000C474
8BD002000000B70B
A30000000000069C
6C00000000008F18
6C0000006C000000
11F0000061000000
11F0000011F00000
5F3FF4F066000007
5F3FD6F05F3FE5F0
74200F005F3FC7F0
74204AC05B311C00
6C000000540005C0
6C0000006C000000
5B300E505B301D50
742012E058216DD0
540005E04C1010D0
6100003E614BFFFA
0000D09A8B800000
0000C3E08B800100
0000C5428B800300
000006B18BD00200
00008E84A3000000
6C0000006C000000
746030D161000000
5F300E505B310E00
5F310C004BD00600
59215C005F311600
5D215C0052258CC0
58204EC05B303C50
58206BC058205DC0
50244DD058207CC0
502C4CC050284BB0
45400CCB45400EDE
5400070045400CCE
A3000000540000C0
5B303E50FFFF61CC
540004C05820DDE0
50244ED05820CCE0
454000EC59208550
FFFF6198A3000000
49003CC054000070
44200E454C600CC6
5E217C7044200CEC
58252C705E211670
000000FF8C1000C0
57880CC061480003
A30000005C252C00
5B3FC7F0FFFFF444
5B3FE5F05B3FD6F0
668000005B3FF4F0
11F0000011F00000
5F3FF4F066000007
5F3FD6F05F3FE5F0
74204A005F3FC7F0
4C1000505B311500
000000FA8BD00C00
5B301E506148003F
74603CE158216EE0
5F311C005B300C50
540006005B310C00
0000008088300700
6C000000742026C0
6C0000006C000000
58204EC05B303CC0
58206BC058205DC0
50244DD058207CC0
502C4CC050284BB0
45400CCB45400EDE
A3000000454000CE
5B303E50FFFF60BC
58205BE058204DE0
58207EE058206AE0
50284AA050244BB0
45400DBD502C4EE0
540004C045400EEA
A3000000454000ED
44600C4CFFFF6084
FFFFFFFF8C1800C0
5B30077061340004
747FDFC05B300C70
5F300C505B300C70
5B300C505F300570
4BD00C00746003C0
58252C605D23CC60
000000FF8C1000C0
57880CC061480003
4BD00C005C252C60
55080CC05E211C60
5B3FD6F05B3FC7F0
5B3FF4F05B3FE5F0
8B80000066800000
8B8001000000CE4E
8B8003000000C194
8BD002000000CEEC
A3000000000006C5
6C00000000008C38
6C0000006C000000
11F0000061000000
11F0000011F00000
5F3FF4F066000007
5F3FD6F05F3FE5F0
74205B005F3FC7F0
742054505B311500
49004CC059215C00
5B301C50746051C0
74604EC158216CC0
5F311C005B300C50
540006005B310C00
0000008088300700
6C000000742026C0
6C0000006C000000
58204EC05B303CC0
58206BC058205DC0
50244DD058207CC0
502C4CC050284BB0
45400CCB45400EDE
A3000000454000CE
5B303E50FFFF5F3C
58205BE058204DE0
58207EE058206AE0
50284AA050244BB0
45400DBD502C4EE0
540004C045400EEA
A3000000454000ED
44600C4CFFFF5F04
FFFFFFFF8C1800C0
5B30077061340004
747FDFC05B300C70
5F300C505B300C70
5B300C505F300570
4BD00C00746003C0
58252C605D23CC60
000000FF8C1000C0
57880CC061480003
4BD00C005C252C60
5922CE605E211C60
46400EED59238D60
5D22DB605060CBE0
5020CDE059221E60
5D22DD60760002DB
A8800EE05922DD60
44200EDE00000003
59215E605D22CE60
5D215E6052210EE0
5B3FC7F05D220C60
5B3FE5F05B3FD6F0
668000005B3FF4F0
0000CC8A8B800000
0000BFD08B800100
0000B4E58B800300
000006FD8BD00200
00008A74A3000000
6C0000006C000000
11F0000061000000
11F0000011F00000
5F3FF4F06600000C
5F3FD6F05F3FE5F0
5B3076F05F3FC7F0
5B3054F05B3065F0
74202C4074202130
5F3FA0F054000720
540000105F3FB3F0
FFFF5DD0A3000000
64C00C00540002C0
0000680B8BD00E00
4BD14E005F305EC0
4BD0010054000070
5F304EC054000350
A30000005F3036C0
742007C000000614
540001C05B3FA0F0
540003405B3FB2F0
0000007CA3000000
5B3FD6F05B3FC7F0
5B3FF4F05B3FE5F0
8B80000066800000
8B8001000000CBA6
8B8003000000BEEC
8BD002000000C25B
A3000000000007C4
6C00000000008990
8B80000061000000
8B8001000000CB76
8B8003000000BEBC
8BD002000000B86C
A3000000000007C5
6C00000000008960
6600000C61000000
5F3FE5F05F3FF4F0
5F3FC7F05F3FD6F0
5400070054000530
4C1000005F3FB2F0
6148000654000410
7420040058208070
FFFF7518A3000000
5400005061000004
00005AB8A3000000
742014C0540006C0
5B30154054000E50
64C00C0059208240
4BD0610054000040
5F3FAEF05B3FB3F0
A30000005F303EC0
50644EC0FFFF6448
5C210C504C100070
614800075C211E50
5820AC705820B370
8BD0050061000007
6100000F000000FC
000000FF8BD00300
64C00E004BD00C00
540000405F3056E0
5B3FA2F05B3FB1F0
5F304DE04BD06D00
A30000005F303CE0
540005C000005EB4
A300000054000040
55080C50FFFF77D4
5B3FD6F05B3FC7F0
5B3FF4F05B3FE5F0
11F0000066800000
5F3FF4F06600000C
5F3FD6F05F3FE5F0
5B3077F05F3FC7F0
5B3054F05B3066F0
74203B3074203700
5400050074204740
5F3FB3F054000010
A30000005F3FA2F0
540002C0FFFF5BBC
8BD00E0064C00C00
4BD14D000000680B
5F304DC05F305EC0
4BD001005B3FA0F0
5F3037C054000360
00000400A3000000
742020C05B3FB7F0
5B301CC0540006C0
592082605F3FACF0
5400006064C00C00
540003704BD06100
A30000005F3034C0
50644EC0FFFF6310
5C210CD05B3FADF0
64C00C005C211ED0
540000605F3055C0
5400024054000170
000000FF8BD00300
5F304EC04BD06E00
5F303EC04BD00E00
00005D98A3000000
A300000054000060
5B3FC7F0FFFF76BC
5B3FE5F05B3FD6F0
668000005B3FF4F0
0000C92A8B800000
0000BC708B800100
0000BFDF8B800300
000007C48BD00200
00008714A3000000
6C0000006C000000
8B80000061000000
8B8001000000C8F6
8B8003000000BC3C
8BD002000000B5EC
A3000000000007C5
6C000000000086E0
11F0000061000000
11F0000011F00000
5F3FF4F066000007
5400040074201F00
57C800C05A218C00
FFFF5A60A3000000
59214E4059213340
5A20D0405921DD40
64C00C00540002C0
4BD10D005F305DC0
5F304DC04BD00100
A30000005F303EC0
742018C0000002A4
5921DD405A20DE40
4830434044200EED
540000405E20FE40
54000240540001C0
FFFFFCFCA3000000
8B8000006100000F
8B8001000000C836
8B8003000000BB7C
8BD002000000AF11
A300000000000867
6C00000000008620
8BD00C0061000000
55080CC0000000FF
668000005B3FF4F0
11F0000011F00000
5F3FF4F06600000B
5F3FD6F05F3FE5F0
742047005F3FC7F0
5B31060054000400
98200C4074205160
8C1000C0000000D6
61480004000000FF
9C200C4057880CC0
5B303C60000000D6
5820CCC05820DEC0
454000EC50244EE0
FFFF5940A3000000
4C1000C049001CC0
614800044BD00700
4BD00E0059208C60
5B303C604C2007CE
59214E4059213340
5A20D0405921DD40
58206AC058207BC0
58205CC0582049C0
64C0080052A00170
50244CC05F305D80
502C4BB050284DA0
45400DBD45400CC9
454002DC4BD10B00
5F303E805F304B80
00000150A3000000
5A20DD40742025C0
44200EDE5921DE40
5F3FBCF05E20FE40
742021705B3015C0
5820CE505820DC50
45400CCE50244CC0
0000C0FF890007C0
A30000004BD11000
45400C7CFFFF5884
5C20CC5050644EC0
6100001C5C20DE50
0000C6BA8B800000
0000BA008B800100
0000BCB48B800300
000008928BD00200
000084A4A3000000
6C0000006C000000
4BD00C0061000000
8BD00C0061000027
61000024000000FF
59208C005B301060
44600CCE59208E60
555803C048314150
A30000004BD01200
5B303C60FFFF7DBC
58205DC058204EC0
58207CC058206BC0
50284BB050244DD0
45400EDE502C4CC0
454000CE45400CCB
FFFF57E0A3000000
57880CC05A218E40
8C1800E044600EEC
61340002FFFFFFFF
483043405E218C40
5B3FB1F054000040
A300000054000240
55080CC0FFFFFAA8
5B3FD6F05B3FC7F0
5B3FF4F05B3FE5F0
11F0000066800000
5F3FF4F06600000A
5F3FD6F05F3FE5F0
540004305F3FC7F0
5F3FA0F054000620
5B306CF05B3075F0
5B3057F05F3FBCF0
4BD2200049414110
000002808BD00200
FFFF7020A3000000
59209EC0742039C0
6140003B4C1130E0
5B3015C05F3F95F0
540004C054000040
FFFF5710A3000000
5C000C5050644EC0
540000705C201E50
FFFF56F8A3000000
50644CC05C202C50
5C203C50506C4E60
50684C605C207E50
5C206C5050644E60
5C2046505C205E50
A30000005B3FA0F0
506C4EC0FFFF56D4
50684EC05C20BE50
5C20AE505C208C50
5B3FBEF050644CC0
00005000894000E0
A30000005C209C50
50644EC0FFFF5694
5C20DE505C20CC50
A30000005B3F90F0
54000EC0FFFF567C
5C20EE5054000C40
4BD00D0050644EE0
5C211D505C20FE50
5C213D505C210D50
5B3FC7F05C212D50
5B3FE5F05B3FD6F0
668000005B3FF4F0
0000C48A8B800000
0000B7D08B800100
0000BFED8B800300
000007288BD00200
00008274A3000000
6C0000006C000000
11F0000061000000
11F0000011F00000
5F3FF4F066000004
0003AED88B800C00
746042E058000EC0
0003AE488B800E00
0003AE488B800D00
5B300DD05B300EE0
74203AE045400EED
5C000EC04BD01E00
00007494A3000000
4BD07000540004C0
FFFF6798A3000000
88300E4074201FC0
4BD00D00000000FA
000002088B800B00
5F302BC05F300DC0
8B800B005F303DC0
5E202EC00003AE6C
742023D05B300DB0
44600BEB5A202BD0
000000008C1800B0
6C00000061280019
6C0000006C000000
5B300DD054000BD0
5A202AD0742016D0
8C1800A044600AEA
6137FFF9FFFFFFFF
8B80000061000011
8B8001000000C376
8B8003000000B368
8BD002000000BC79
A3000000000000BE
6C00000000008160
8B800B0061000000
610000020003ADE4
5F300DC04BD00D00
5B3FF4F05F300CB0
11F0000066800000
11F0000011F00000
5F3FF4F066000007
5F3FD6F05F3FE5F0
8C1800005F3FC7F0
613C002640000000
5400042054000500
A300000054000610
540007C000007378
A30000004BD07000
742028C0FFFF667C
44200B754BD00E00
5F3026C05F300EC0
8B800D005F3034C0
5E202BC00003AD5C
74202FE05B300ED0
44600DBD5A202DE0
000000008C1800D0
6C00000061280025
6C0000006C000000
5B300EE054000DE0
5A202AE0742022E0
8C1800A044600ABA
6137FFF9FFFFFFFF
8B8000006100001D
8B8001000000C266
8B8003000000B258
8BD002000000C072
A300000000000129
6C00000000008050
8B80000061000000
8B8001000000C236
8B8003000000B228
8BD002000000BB39
A3000000000000BE
6C00000000008020
8B800D0061000000
610000020003ACA4
5F300EC04BD00E00
5B3FC7F05F300CD0
5B3FE5F05B3FD6F0
668000005B3FF4F0
5F3FF4F066000004
FFFF80C0A3000000
0003ABE08B800C00
0003ABE08B800E00
5B300EE05B300CC0
742026C045400CCE
00007234A3000000
4BD07000540004C0
FFFF6538A3000000
88300E40742025C0
4BD00D00000000FA
FFFFFFA88B800B00
5F302BC05F300DC0
8B800B005F303DC0
5E202EC00003AC0C
742028D05B300DB0
44600AEA5A202AD0
000000008C1800A0
6C00000061280022
6C0000006C000000
5B300DD054000BD0
5A202AD074201BD0
8C1800A044600AEA
6137FFF9FFFFFFFF
8B800C0061000016
4BD00E000003ABAC
5B3FF4F05C000EC0
8B80000066800000
8B8001000000C0FE
8B8003000000B0F0
8BD002000000BA01
A3000000000000BE
6C00000000007EE8
6C0000006C000000
4BD00D0061000000
5F300CB05F300DC0
668000005B3FF4F0
11F0000011F00000
5F3FF4F066000006
5F3FD6F05F3FE5F0
8B8006004BD10500
8B8004000000C63C
6C00000000000044
6C0000006C000000
5A00002044200265
A300000054000140
48310550FFFFFD54
614FFFF94C170050
5B3FE5F05B3FD6F0
668000005B3FF4F0
5F3FF4F066000006
5F3FD6F05F3FE5F0
5B301C0054000400
A30000006280000C
8B800E00000070B8
5A000EE00003AACC
4420056E5A000640
8C1800E044600E5C
61300020FFFFFFFF
A30000004BD07000
74203CC0FFFF639C
8B800D004BD00E00
5F300EC0FFFFFFA4
5F3034C05F302DC0
0003AA788B800D00
5B300ED05E2025C0
5A202BE074204BE0
8C1800B044600B5B
6128004500000000
6C0000006C000000
5B300EE054000DE0
5A202BE074203FE0
8C1800B044600B5B
6137FFF9FFFFFFFF
540005C06100003A
A30000004BD07000
742028C0FFFF631C
4BD00D0044200E65
FFFFFF208B800B00
5F302BC05F300DC0
8B800B005F3034C0
5E202EC00003A9F4
74202ED05B300DB0
44600AEA5A202AD0
000000008C1800A0
6C00000061280028
5B300DD054000BD0
5A202AD0742023D0
8C1800A044600AEA
6137FFF9FFFFFFFF
8B8000006100001E
8B8001000000BF06
8B8003000000AEF8
8BD002000000B809
A3000000000000BE
6C00000000007CF0
8B80000061000000
8B8001000000BED6
8B8003000000AEC8
8BD002000000B7D9
A3000000000000BE
6C00000000007CC0
4BD00E0061000000
5F300CD05F300EC0
4BD00D0061000004
5F300CB05F300DC0
5B3FE5F05B3FD6F0
668000005B3FF4F0
5F3FF4F066000007
5F3FD6F05F3FE5F0
A30000005F3FC7F0
540004C000006EF0
0003A8F88B800700
6C0000006C000000
0003A8408B800C00
742003C058000CC0
FFFF6880A3000000
742014105B300170
44600E4C5A202C10
000000008C1800E0
5B300E106128000F
5B3026105F300E70
8B800E005B303510
5E000CE00003A8AC
A30000004BD07000
743FE960FFFF61DC
6280000654000050
5B3FC7F06103FFE6
5B3FE5F05B3FD6F0
668000005B3FF4F0
A300000066000003
89400CC00000A0FC
8B800E000000C000
5D000CE00000C3CC
11F0000066800000
11F0000011F00000
5F3FF4F066000009
5F3FD6F05F3FE5F0
74200B005F3FC7F0
59209C0074201710
A3000000766021C7
5B3FC7F0FFFF6AEC
5B3FE5F05B3FD6F0
668000005B3FF4F0
0000BD5A8B800000
0000B6A28B800100
0000A7948B800300
000000CF8BD00200
00007B44A3000000
6C0000006C000000
8B80000061000000
8B8001000000BD26
8B8003000000B66E
8BD002000000B67D
A3000000000000D0
6C00000000007B10
5400041061000000
0000C8688B800700
5B3015005F3FB0F0
5A2080705B300170
00005414A3000000
58000D5058201E50
540006C050244EE0
A3000000454000ED
58203E50FFFF4E6C
50244EE058202D50
454000ED540005C0
FFFF4E50A3000000
0003A7488B800E00
742049B05B300BE0
5A2089705B301A70
4BD002005A207870
FFFFFFFFCBC00100
4BD0030000000000
54000D405B3FB0F0
6C00000061000007
5B302B2054000730
540003704C1000B0
540004206148003B
5920DBB0540002B0
58208B20745FF8BC
5826C7A0742005B0
5548077057880770
5A000B20745FF2B7
74200BB074200860
5A2037D074000A91
45000B7B45800B9B
61000005747FEAB0
745FE7B9742004B0
6C0000006C000000
49004BB058218B20
4C10003074600FB0
6148000254000720
74200B3054000730
7440099174200A60
5A202BD05A000730
5A0007207400057B
540007204C00007B
5400073061480002
745FD2B55920EB20
742002B05A201B20
74204640745FCFB8
5F302C405B302C20
5F302C205B300CE0
5F3002E054000720
6100000574600B70
5B3FB0F04BD00700
7460067054000D40
8B800E005A202CD0
5A208EE00000C6CC
4BD08100745F75CE
FFFF6CD8A3000000
8B80000074200DC0
8B8001000000BB36
8B8003000000B47E
8BD002000000BAD9
A300000000000170
6C00000000007920
74200D7061000000
742020C05B304C70
64C00E005B305070
0000C6688B800D00
540001704831C3D0
5F3035E05B3FB2F0
6103FF5A6280000C
8B800C0074601560
5A208CC00000C644
8C1000C0490F0CC0
6148000E000000E0
0000C6288B800C00
48308CC05920CCC0
5B3FB5F0551801C0
A300000054000050
54000050FFFF6DCC
A30000004BD03100
5B3FB0F00000487C
540007206103FF41
6103FFC5747FCB70
5F3FF4F066000009
5F3FD6F05F3FE5F0
4C1000005F3FC7F0
000000F08BD00E00
74202C106148002D
5400040074202B20
5400063054000510
7420050058208000
A300000054000720
61000005FFFF642C
5400002054000720
000049C8A3000000
8BD00E004C1000C0
6148001A000000FC
48308DC05A000B40
490F0AB074200DB0
000000E08C1000A0
5400027054000360
6148000954000150
4C0000BD5A000DD0
6148000554000D40
540003606100000B
5400015054000270
5400004064C00E00
5F303CE05F304DE0
00000098A3000000
55080CE054000EC0
5B3FD6F05B3FC7F0
5B3FF4F05B3FE5F0
6600000566800000
4C1000005B305EF0
000000F08BD00C00
7420151061480016
742013E074201420
48308DE05A000B00
490F0CB074200BB0
000000E08C1000C0
5A000DD061480007
000000FC8BD00C00
54000D004C0000BD
64C00C00614C0006
5F303EC05F304DC0
00000010A3000000
6680000055080CC0
5F3FF4F06600000E
5F3FD6F05F3FE5F0
5B306CF05F3FC7F0
4C1000505B3055F0
000000F08BD00600
5400070061480072
5400041074207000
74206D2074206E10
5F3FACF05F3FB2F0
5920DC7074206AC0
59208C4074205FC0
0000FFF78C1000C0
000000FF8BD00600
5F3F93F061440062
4BD0810054000040
FFFF6988A3000000
54000C404C1000C0
4BD2200061480010
8BD002004BD08100
A300000000000280
742053C0FFFF6304
742007E059208E40
54000140540000C0
A3000000540006C0
54000C60FFFF6CD4
76204FE759209EC0
5920D0705B3016C0
A30000005F3F8CF0
50644EC0FFFF49DC
5C201E605C000C60
A30000005B3F90F0
5C202C60FFFF49C4
4BD00E0050644CC0
5C207E605C203C60
5B3F8CF05C206E60
A3000000592080C0
50644EC0FFFF499C
5C205E605C204C60
49001CC058218C70
5B3F80F0746011C0
64C00C0059208200
5B3FA3F04BD11100
5F303EC05B3FBEF0
FFFF512CA3000000
4BDFFE004C1000C0
54000EC061480002
5C206E6050644CE0
5820B3705C207C60
64C00E005820AC70
4BD11D005F3055E0
540000505B3F85F0
5B3FB2F05B3FA1F0
5F303CE05F304DE0
00004BE8A3000000
540006C04C000054
540000506148000E
FFFF64C0A3000000
540000706100000A
4BD0020054000170
A300000054000630
5400036000000064
743F9AC0540006C0
5B3FC7F055080C60
5B3FE5F05B3FD6F0
668000005B3FF4F0
0000B7028B800000
0000B04A8B800100
0000A5338B800300
0000030E8BD00200
000074ECA3000000
11F0000061000000
11F0000011F00000
7460031066000000
0000B7A88B800100
8B800E0074203A00
6C0000000003A164
742003C05B300CE0
745FFD0C48310EC0
0003A1488B800E00
746022205B300DE0
0000BCA08B800B00
4BD0090059000AB0
578808A055580AA0
4C0000A855580A80
FFFFC0008BD00A00
54000A80614C0002
540008D04C1000D0
6C00000061480024
555803A05920D280
5B30288074000623
6100001D747FFC80
6C0000006C000000
5788099055580890
00003FFF8C100080
4BD00200613BFFE8
6C00000061000015
742016D05B302DD0
5920DBD0741FFE0D
5A0009D0745FFCB2
4C1000905A000A10
000000F88BD00B00
7400129A61480013
61000010747FF4A0
000000F08BD00B00
6680000055080CB0
55580D20540002A0
5D000AB04C1000D0
5A000D106148000E
4C1000C05E000D00
5D20D2004BD00B00
55080CB061480003
5B300CE066800000
5F3000E05F302C00
6680000055080CB0
000000F88BD00B00
6680000055080CB0
5F3FF4F066000006
5F3FD6F05F3FE5F0
8BD00C004C100000
61480026000000F0
5920DC0074202510
5A000C10742016C0
5D20E2005E201C00
52210CC058218C00
00039FD88B800E00
5B300CE05C218C00
6C000000742007C0
6C0000006C000000
5B302CC07400140C
5B300CE0747FFEC0
4BD00C005F302C00
6100000E5F3000E0
5400051054000400
5400062054000100
A30000004BD00200
54000150FFFFFE0C
5400004054000260
6103FFE0746003C0
55080CC04BD00C00
5B3FE5F05B3FD6F0
668000005B3FF4F0
7420030066000000
5F3052005F304100
11F0000066800000
7420130066000003
8B800E0054000100
5B300CE000039F2C
6C000000740009C0
54000EC0742009C0
745FFDC15B302CC0
5F302CE05B302C10
5B302CC061000003
4BD010005F300CE0
FFFF5828A3000000
6600000466800000
4BD010005F3FF4F0
FFFF57C8A3000000
540000C074200BC0
4BD302004BD00100
A3000000540004C0
54000C4000009874
000000FF8BD00E00
5B3FF4F05C20BE40
11F0000066800000
7420090066000000
742007105A000C00
5A000E10742006C0
00039E808B800C00
746004E05B300CC0
6C00000066800000
743FFDC05B302CC0
5A000D005A000EC0
5A000E10745FFCED
6103FFF95E000EC0
74200C2066000003
54000EC048370C00
6C0000005F303210
6C0000006C000000
742010E05B300EE0
4BD00C00745FFEE1
8B80000066800000
8B8001000000B366
8B8003000000B02B
4BD7D2000000A1C5
00007154A3000000
6C0000006C000000
5B300EC061000000
5F3001C05F300E10
668000004BD00C00
11F0000011F00000
48370C0066000003
54000BC04BD00D00
5B300DB054000ED0
4C0000D1742008D0
614FFFFB54000BD0
74200EE05B300D10
668000005F300DE0
0000B2E28B800000
0000AFA78B800100
0000B1248B800300
000000A98BD00200
000070CCA3000000
5F300DC061000000
6600000466800000
540004105F3FF4F0
5C210C104BD00C00
5A000C205C214C10
5E202C104BD01E00
A30000005E203E10
55600EC0000095BC
CCCCCCCDCBC00D00
68800EED00000000
A8800EE05071CEE0
44600ECE0000000A
5D209E404BD00C00
668000005B3FF4F0
5F3FF4F066000007
5F3FD6F05F3FE5F0
8B800C005F3FC7F0
5B3004C000039C1C
4BD0070074205E40
610000034BD14600
742059405B300440
610000045B30E540
742034C059209C50
743FF9505B300550
742003C058214C50
5C214C5057C80CC0
742003C059209C50
5D209C5057C80CC0
57C80EC05A203C50
483FDEC075BFF2E2
59209C5075E01CE2
58210C50747FF0C0
4BD04C00746004C0
5C2157505E203C50
5400004048308150
00003C04A3000000
58210C505D209650
55480EC057880CC0
5C210C504C1020E0
4BD05C00613BFFE0
5C2107505E203C50
5B303C505D209750
4BD0010054000040
6C00000061000009
59209C50747FD6C7
5E203750747FD4C0
540000405B303C50
6280000C4BD01100
483081506103FFCE
5E203C504BD02C00
A300000054000040
58210C5000003B40
55480EC057880CC0
5C210C504C1030E0
4BD03C0061380007
5C2107505E203C50
5B3005505D209650
A30000006103FFBD
55600EC000009424
CCCCCCCDCBC00D00
68800EED00000000
A8800EE05071CEE0
44600CCE0000000A
5D209C504830ACC0
6103FFAE5B300550
5B3FD6F05B3FC7F0
5B3FF4F05B3FE5F0
11F0000066800000
5F3FF4F066000009
5F3FD6F05F3FE5F0
540004005F3FC7F0
4836210054000510
4BD06200483D20F0
00009438A3000000
483DC0F04830E150
A30000004BD04200
4831815000009424
4BD04200483D80F0
00009410A3000000
742051705B30E740
483D26F048308550
4BD07C0061000008
8BD00C005E203C70
5D209C7000000258
742047705B300770
483FCEC05A203C70
57C80CC075A014E3
5A2F7EF0767FFAC2
740027EC5A202C70
747FF5E05A2F6DF0
54000060745FF4DC
4BD0620054000150
00009360A3000000
000000008C1800C0
6103FFEB614C001C
6C0000006C000000
5A202E705A2F7CF0
54000060745FE6CE
4BD0620054000150
00009328A3000000
000000008C1800C0
5A203C70614BFFDE
4BD00C00746007C6
5B303C705E203C70
4BD0210054000040
58214C7061000015
6C000000742015C0
6C0000006C000000
57880CC058215C70
5B303C705C215C70
4BD0210054000040
58215C706280000C
613FFFC24C10A0C0
5E203C704BD00C00
540000405B303C70
6280000C4BD01100
483081706103FFC0
A300000054000040
4BD64C0000003970
6103FFB95C214C70
5B3FD6F05B3FC7F0
5B3FF4F05B3FE5F0
11F0000066800000
11F0000011F00000
5F3FF4F066000007
5F3FD6F05F3FE5F0
74200B105F3FC7F0
5400052054000410
742007205A000C10
5A000C50742006C0
54000600742004C0
74600B705B30E700
5B3FD6F05B3FC7F0
5B3FF4F05B3FE5F0
6C00000066800000
6C0000006C000000
743FF7705B300770
5A000C405A202E70
55580CC0745FFCEC
0000FEA98C1000C0
5A000C50614FFFF8
8C1000C055580CC0
614BFFF30000FEA9
767FF1C75A203C70
50004CEC4BD01E00
74200AE04908EEC0
5E203C704BD00C00
540000605B303C70
6280000C4BD02100
747FE7705B300770
49030CC06103FFDC
4BD06C00743FE2C0
6103FFDF5E203C70
11F0000011F00000
5F3FF4F06600000A
5F3FD6F05F3FE5F0
8B800C005F3FC7F0
5B3004C0000397BC
4BD015007420C840
4BD00A00483DE6F0
6100000D5F3FA6F0
A300000054000040
54000040000003C4
00000678A3000000
6C0000004BD00A00
6C0000006C000000
7420B7405B300440
743FFD705B309740
743FFBC058205C70
742007E05920AE70
57880DD059209D70
4C0000BE55580BD0
614BFFE95D209D70
742092E059208E70
4C1010E057C80DE0
614C008E5D208D70
6147FFEB4C10A0C0
89000EE050004E5C
743FE7E000000432
4BD04C00742005C4
5C206A705C205C70
540000405D204A70
4BD0320054000170
A300000054000360
74205FC000000E84
5B301EC0540006C0
4C1410C0592EFCF0
0000ADC38B800000
883005E0613C00A1
44200E5C000000F0
5C000DE04BD39D00
4BD02B0048302DC0
5D2EFDF05C201BE0
55580DD059230B40
4420095D50644AB0
48304DC05C000A90
5C201B904C13B0C0
613C009A5D2EFDF0
44200D5D55580DD0
5C000BD04BD37B00
4BD04D00483069C0
4BD3EE005C205DE0
55580E9044600DEC
44200A5E55580BD0
5D2EF9F04BD00D00
6C0000006C000000
4420090D74006DBD
57880DD0442008AD
4C1040D058000990
614FFFF95C000980
5D2EF0F0442000ED
5400024054000150
00001630A3000000
55580EE057880EC0
4C1430E044200D5C
8BD00B005D2EFCF0
5C000BD0000000FF
4BD00B0061440009
57880EE044200C5E
4C1440D055580DE0
614FFFFB5C000BC0
88300CC057C80CE0
555801C0000000F1
A300000054000060
8B800C00FFFF5B14
5B3000C00003966C
5400016064C00C00
0000AC8C8B800200
5F3034C04BD43300
FFFFF214A3000000
A300000054000060
4BD01500FFFF58FC
8C1000C058206C70
61480003000000FF
5C206C7057880CC0
4C1090C058206C70
5B3FA6F04BD14E00
6144000A4BD00A00
000003E8A8800CC0
000001F088300CC0
50614CC055580CC0
000020C5A8800CC0
5D204E70506A4EC0
59209E705920AC70
74BF63C244600CCE
5D208C705060CCC0
59207E706103FF60
57C80DE0743F5EE0
5D207D704C1010E0
4C10A0C0614FFF5A
50004C5C6147FF58
0000042289000CC0
54000040743F54C0
000011F8A3000000
59206C704BD00A00
44600CCE59209E70
5060CCC074BF4CC2
6103FF495D207C70
5B3FD6F05B3FC7F0
5B3FF4F05B3FE5F0
44200CCD66800000
5D2EFCF048306CC0
0000AA8A8B800000
00009F568B800100
00009E2D8B800300
000005AC8BD00200
00006874A3000000
6C0000006C000000
8B80000061000000
8B8001000000AA56
8B80030000009F22
8BD0020000009F37
A3000000000005A0
6C00000000006840
8B80000061000000
8B8001000000AA26
8B80030000009EF2
8BD0020000009F07
A3000000000005A0
6C00000000006810
11F0000061000000
11F0000011F00000
5F3FF4F06600000B
5F3FD6F05F3FE5F0
5B3094005F3FC7F0
58205E4074208940
5A206D40742087E0
5E2F7DF04BD00C00
5F304C405F303C40
5F305C405E20CC40
4C1000005D20AC40
5D207C405E204C40
4C10A0E061480061
4BD01D006144005F
89000EE050004EDE
74205AE000000430
5C206C405C205C40
483DA3F05D204C40
540001405F3FA0F0
A30000004BD07200
742046C000000AE4
5B301CC0540005C0
4C13F060592ED6F0
883007C0613C0077
44200C76000000F0
5C000EC04BD36E00
48302D604BD04E00
5C201EC05F3F9DF0
5A2F70F05D2EDDF0
FFFF3AD0A3000000
55580EE05B3F9EF0
44200B7E506C4DC0
5C000DB050684EC0
50644DC05C201EB0
5C202DB048306E60
5C203CB055580DE0
8BD00D0044200C7D
4C13C060000000FF
5C000DC05D2EDEF0
48307C606144000D
4BD00E0055580CC0
6C0000006C000000
57880CC044200D7C
4C1440B055580BC0
614FFFFB5C000ED0
88300CE057C80EC0
555801C0000000F1
A300000054000050
8B800C00FFFF57D4
5B3000C00003932C
483DC2F064C00E00
4BD4330054000150
5F303CE05B3FACF0
FFFFEED4A3000000
A300000054000050
8B800100FFFF55BC
5B3FA5F00000A924
5400021054000050
A300000054000310
54000050FFFF4FFC
5C205C4061000004
5D204C405C206C40
A300000048338140
58204C40FFFFF4EC
8B800C00742013C0
58000EC0000392B4
57C80EE0742014E0
4C1000D055480DE0
614C00085C000EC0
000392888B800500
A30000005B300050
4BD00C00FFFFF33C
4BD00C005F300C50
5B3FC7F05C204C40
5B3FE5F05B3FD6F0
668000005B3FF4F0
0000A79A8B800000
00009C668B800100
0000932C8B800300
0000012E8BD00200
00006584A3000000
6C0000006C000000
8B80000061000000
8B8001000000A766
8B80030000009C32
8BD0020000009C47
A3000000000005A0
6C00000000006550
11F0000061000000
11F0000011F00000
5F3FF4F066000007
5F3FD6F05F3FE5F0
4C1000005F3FC7F0
000000F08BD00600
58269C0061480055
742052C049001CC0
5B30940059230C00
000002408C1000C0
000000FF8BD00600
742015406138004B
74201BC058204C40
000391908B800C00
742034E058000EC0
57C80EE054000500
4C1000D055480DE0
614C00125C000EC0
000391608B800700
A30000005B300070
4BD00C00FFFFF214
6100000A5F300C70
4BD5800054000500
FFFF4758A3000000
540004C0742031C0
610000025F309C50
5400004054000500
4BD582004BD00100
00008AC0A3000000
8B80020048338140
5400005000000194
FFFFF2A8A3000000
000003F0A3000000
4BD01C0074601FC0
58269C505C204C40
746016C049004CC0
4C1020C058205C40
614800164BD00600
5C205C404BD02C00
5D2046405C206640
8B80000061000011
8B8001000000A5F6
8B80030000009AC2
8BD0020000009188
A30000000000012E
6C000000000063E0
5400005061000000
00000478A3000000
55080C604BD00600
5B3FD6F05B3FC7F0
5B3FF4F05B3FE5F0
11F0000066800000
5F3FF4F066000005
8B800C005F3FE5F0
5B3004C000038F74
4BD0050074202D40
6C00000061000008
6C0000006C000000
5D204EC057C80EE0
742024405B300440
743FFDC05B309C40
75FFF9E259204EC0
5D2045C0747FFAE1
756009E558205EC0
747FF5E374200FE1
766008C158206CC0
A300000054000040
6103FFEF000008CC
614800024C10C0E0
54000040747FECE6
000003C0A3000000
58206CC06103FFE8
766004C554000040
000010C8A3000000
A30000006103FFE2
54000040FFFFFAFC
FFFFFDB0A3000000
5B3FE5F06103FFDC
668000005B3FF4F0
11F0000011F00000
5F3FF4F06600000C
5F3FD6F05F3FE5F0
5B309C005F3FC7F0
58205EC074200AC0
55600D10742008E0
742012D174201DD2
A300000074607BD0
6100007800001480
0000A47A8B800000
000099468B800100
000097E88B800300
000001618BD00200
00006264A3000000
6C0000006C000000
4C10C0E061000000
4BD0CE0061480006
5C205EC04BD00D00
5D204DC05C206DC0
5D204EC04BD14E00
8B80010061000061
5F3FA0F00000A504
540002105B3FA0F0
A300000054000310
5B3FA0F0FFFF4BDC
58205C705B309700
614800064C10C0C0
4BD00E004BD0CC00
5C206E705C205C70
483DE3F05D204E70
4BD0420054000170
00000550A3000000
540006C0742049C0
592EF4F05B301CC0
613C00494C13F040
000000F0883005C0
4BD32E0044200C54
4BD04E005C000EC0
5F3F9DF048302D40
5D2EFDF05C201EC0
A30000005A207070
5B3F9EF0FFFF353C
506C4DC055580EE0
50684EC044200B5E
5C201EB05C000DB0
48306E4050644DC0
55580DE05C202DB0
44200C5D5C203CB0
000000FF8BD00D00
5D2EFEF04C13C040
6144000C5C000DC0
55580CC048307C40
6C0000004BD00E00
57880CC044200D5C
4C1440B055580BC0
614FFFFB5C000ED0
88300CE057C80EC0
555801C0000000F1
A300000054000060
8B800C00FFFF5244
5B3000C000038D9C
8B80020064C00E00
540001600000A3C0
8B800C004BD43300
5F304CE00000A3AC
5F303CE05B3FACF0
FFFFE9A8A3000000
A300000054000060
5B3FC7F0FFFF501C
5B3FE5F05B3FD6F0
668000005B3FF4F0
0000A28A8B800000
000097568B800100
0000976B8B800300
000005A08BD00200
00006074A3000000
6C0000006C000000
11F0000061000000
11F0000011F00000
5F3FF4F066000006
5F3FD6F05F3FE5F0
00038CF88B800500
74200AC058000C50
57880EC058000C50
5C000E504BD00C00
5B3FD6F055080CC0
5B3FF4F05B3FE5F0
8B80060066800000
5B300C6000038CBC
8B80000074200DC0
8B8001000000A1F6
8B800300000096C2
8BD0020000009F8D
A300000000000114
6C00000000005FE0
A300000061000000
4C1000C0FFFFED90
614800175F300C60
52228EE058209EC0
8B8004005C209EC0
540000C00000A28C
4BD4420054000140
FFFFEAC8A3000000
540001405B300060
A30000004BD43200
5B300060FFFFEC14
000012F88B800100
A30000004BD00200
6103FFCDFFFFECC4
000000FF8BD00C00
11F000006103FFCE
5F3FF4F066000009
5F3FD6F05F3FE5F0
5B30940054000500
5E207C404BD00C00
742005E658205E40
5C205E404BD06E00
5D204C405C206C40
54000050483E63F0
4BD0120054000140
00000288A3000000
5B301EC074205FC0
4C1410B0592F3BF0
88300DE0613C0075
44200ADB000000F0
5C0009A04BD39900
483028B04BD02900
5D2F38F05C2019A0
5558098059230050
442001D950644800
483049B05C000810
5C2010104C13B0B0
613C006E5D2F39F0
442009D955580990
5C0008904BD37800
4BD04900483061B0
5C2059A04BD3E800
55580A1044600B8B
4BD00800555809B0
0000A14B8B800000
6C0000005D2F31F0
44200B0874006998
57880BA0580001B0
442002DA57880880
54000AB04C104080
614FFFF75C000120
44200DDA55580AB0
8BD0090057C80AB0
4C1410A0000000FF
5C0009D05D2F3BF0
88300EE06144000D
4BD00D00000000F1
6C0000006C000000
442009EB48302AB0
57880BB055580AA0
5C000D904C1440A0
88300EB0614FFFFA
555801E0000000F1
540006C0540000C0
FFFF4F20A3000000
00038A788B800C00
8B800C005B3000C0
64C00E000000A09C
0000A0948B800200
4BD4330054000160
5F3035E05F304CE0
FFFFE688A3000000
A300000054000060
58206C40FFFF4CFC
000000FF8C1000C0
57880CC061480003
58206C405C206C40
4BD78E004C1050C0
8BD00E006144000C
50004CEC000003E8
A8800CC055580CC0
CBC00E000083126F
00000000FDF3B710
50704EC044200CCE
5B3FD6F05D204E40
5B3FF4F05B3FE5F0
8B80000066800000
8B80010000009F16
8B800300000093E2
8BD00200000093F7
A3000000000005A0
6C00000000005D00
8B80000061000000
8B80010000009EE6
8B800300000093B2
8BD00200000093C7
A3000000000005A0
6C00000000005CD0
5D2F3AF061000000
00009EB28B800000
0000937E8B800100
000092558B800300
000005AC8BD00200
00005C9CA3000000
11F0000061000000
11F0000011F00000
5F3FF4F066000009
5F3FD6F05F3FE5F0
4C1000005F3FC7F0
6148006B4BD00400
7420691054000710
5F3FB2F054000600
4BD360005F3FA3F0
000001348BD00100
000002808BD00200
FFFF48C8A3000000
540005C074205EC0
8C1000C059209CC0
6140005F00000133
746003C35B3FBCF0
74600BC358205C70
4C1000C058206C70
000388EC8B800400
A3000000614C0004
5E000C4000008124
5E000C705A000C40
540000405B301450
8BD002004BD00100
A300000000000134
4BD01C000000822C
5C201C405C000C40
5C202C4058268C60
A30000005A000070
506C4EC0FFFF2F64
5C207E405C204C40
5B3FB8F050684EC0
50644CC0483F9D80
5C206E404C1020D0
613800065C205C40
74600C8374200584
490FECC058205C70
5A202C60746009C4
5C20CC40506C4EC0
50684EC05C20FE40
5C20EE4050644CC0
48362E605C20DC40
4BD00B004831CD40
6C0000005B3FACF0
442009DB44200AEB
58000AA057880BB0
5C000A904C1060B0
4BD53E00614FFFFA
9C200E404BD63D00
8BD00E00000000EE
9C200D4000000082
9C200E40000000EF
9C200D40000000ED
4BD35E00000000EC
9C200E404BD01D00
9C200D40000000F0
9C200840000000F1
4BD03E00000000F2
5D000EC054000450
5B3FC7F054000C40
5B3FE5F05B3FD6F0
668000005B3FF4F0
00009C9A8B800000
000091668B800100
000083B78B800300
0000077B8BD00200
00005A84A3000000
6C0000006C000000
11F0000061000000
11F0000011F00000
5F3FF4F06600000C
5F3FD6F05F3FE5F0
540005005F3FC7F0
58205C405B309400
4BD03C00742006C3
5C205C404BD00E00
5D204E405C206E40
54000050483DE3F0
4BD0320054000140
FFFFFD98A3000000
5B301EC074207BC0
4C141070592EF7F0
883006E0613C0090
44200A67000000F0
5C000EA04BD39E00
4BD02D0048302E70
5C201DA055580BE0
5D2EFEF044200B6B
48304E705C000DB0
4C13B0704BD40D00
5D2EFEF05C201DB0
5F3F8CF0613C008B
44200C6C55580CE0
5C000EC04BD32E00
48306E704BD04C00
5F3F9AF05F3FAEF0
5D2EFEF05C205CA0
A30000005A207040
5B3FAEF0FFFF2D3C
506C4DC055580EE0
5C000DB044200B6E
50644DC050684EC0
5C202DB05C201EB0
4C1350704830AE70
5D2EFEF05C203CB0
55580CE0613C007B
4BD37E0044200C6C
4830C9705C000EC0
5B3F9EF04BD38C00
5C20BDE04BD04D00
55580C9044600EC7
44200B6C55580DE0
8B800A004BD00E00
5D2EF9F000009BE7
442009AE740075DE
57880EE0442008BE
4C1040E058000990
614FFFF95C000980
5D2EF0F0442000CE
5400025054000160
000004E0A3000000
44200D6C57880EC0
8BD00B0055580EE0
4C1430E0000000FF
5C000BD05D2EFCF0
6144000C5B3F80F0
6C0000004BD00C00
6C0000006C000000
57880EE044200D6E
4C1440B055580BE0
614FFFFB5C000CD0
88300CC057C80CE0
555801C0000000F1
A300000054000600
8B800C00FFFF49B4
5B3000C00003850C
8B80020064C00C00
5400016000009B30
5F3035C04BD43300
FFFFE0B4A3000000
A300000054000060
58206C40FFFF479C
000000FF8C1000C0
57880CC061480003
58206C405C206C40
4BD14E004C1090C0
A8800CC06144000A
88300CC0000003E8
55580CC0000001F0
A8800CC050614CC0
506A4EC0000020C5
5B3FC7F05D204E40
5B3FE5F05B3FD6F0
668000005B3FF4F0
000099BA8B800000
00008E868B800100
00008E9B8B800300
000005A08BD00200
000057A4A3000000
6C0000006C000000
8B80000061000000
8B80010000009986
8B80030000008E52
8BD0020000008E67
A3000000000005A0
6C00000000005770
8B80000061000000
8B80010000009956
8B80030000008E22
8BD0020000008E37
A3000000000005A0
6C00000000005740
44200CCE61000000
8B8000005D2EFCF0
8B8001000000991E
8B80030000008DEA
8BD0020000008CC1
A3000000000005AC
6C00000000005708
6C0000006C000000
11F0000061000000
11F0000011F00000
5F3FF4F066000009
5F3FD6F05F3FE5F0
540005005F3FC7F0
58205C405B309400
4BD05C00742006C5
5C205C404BD00E00
5D204E405C206E40
54000050483DE3F0
4BD0320054000140
FFFFFA18A3000000
5B301DC0742060C0
4C1410E0592EFEF0
883006D0613C0078
44200D6E000000F0
5C000BD04BD39B00
48302AE04BD02B00
5D2EFAF05C201BD0
55580BA059230950
4420086B50644A90
48304BE05C000A80
5C2019804C13B0E0
613C00725D2EFBF0
44200B6B55580BB0
5C000AB04BD37A00
4BD04B00483068E0
5C205BD04BD3EA00
55580E8044600DAE
44200A6E55580BD0
8B8009004BD00D00
5D2EF8F0000098D7
4420089D74006DBD
57880DD0442000AD
4C1040D058000880
614FFFF95C000800
5D2EF0F0442000ED
5400025054000160
A3000000540007C0
54000070000001CC
44200D6C57880EC0
8BD00B0055580EE0
4C1430E0000000FF
5C000BD05D2EFCF0
4BD00C006144000B
6C0000006C000000
57880EE044200D6E
4C1440B055580BE0
614FFFFB5C000CD0
88300CC057C80CE0
555801C0000000F1
A300000054000600
8B800C00FFFF46A4
5B3000C0000381FC
64C00C0048318240
4BD4330054000160
A30000005F3035C0
540005C0FFFFDDA8
A300000054000060
61000003FFFF448C
000000FF8BD00500
8C1000C058206C40
61480003000000FF
5C206C4057880CC0
4C1090C058206C40
6144000A4BD28E00
000007D0A8800CC0
000001F088300CC0
50614CC055580CC0
000020C5A8800CC0
55080C50506A4EC0
5B3FC7F05D204E40
5B3FE5F05B3FD6F0
668000005B3FF4F0
0000969A8B800000
00008B668B800100
00008B7B8B800300
000005A08BD00200
00005484A3000000
6C0000006C000000
8B80000061000000
8B80010000009666
8B80030000008B32
8BD0020000008B47
A3000000000005A0
6C00000000005450
44200CED61000000
8B8000005D2EFCF0
8B8001000000962E
8B80030000008AFA
8BD00200000089D1
A3000000000005AC
6C00000000005418
6C0000006C000000
11F0000061000000
11F0000011F00000
5F3FF4F066000006
5F3FD6F05F3FE5F0
4C1000C05B30BC20
6148003854000400
5400061054000520
A3000000540000C0
742032C000007AA4
44600EE44BD41E00
5B30BE5055600DE0
8B80000076000FCD
8B8001000000959E
8B80030000008A6A
8BD00200000082AF
A3000000000005D1
6C00000000005388
6C0000006C000000
8C1000C061000000
613C002100000100
48302DD044200D4C
000000458C1800D0
54000D60613C0029
4BD0CA0044200B64
5C000AB057880940
48302A4055580B90
55580BA04420096B
6C0000005C000C90
613C00284C1440B0
57880EE058000AE0
578804B057C80CC0
4C1000C0442009DB
5C000A9054000B40
55580C40614FFFF6
5B3FE5F05B3FD6F0
668000005B3FF4F0
000094DA8B800000
000089A68B800100
000081EB8B800300
000005D38BD00200
000052C4A3000000
6C0000006C000000
8B80000061000000
8B800100000094A6
8B80030000008972
8BD0020000008987
A3000000000005A0
6C00000000005290
8B80000061000000
8B80010000009476
8B80030000008942
8BD0020000008819
A3000000000005AC
6C00000000005260
6600000361000000
FFFFEA58A3000000
11F0000066800000
11F0000011F00000
5F3FF4F06600000D
5F3FD6F05F3FE5F0
7420BD005F3FC7F0
7420BB405B309400
742006C158205C40
4BD00E004BD01C00
5C206E405C205C40
483DE3F05D204E40
540001405F3FA0F0
A30000004BD03200
742097C0FFFFF564
592EF7F05B301EC0
613C00AE4C141070
000000F0883009E0
4BD39E0044200597
4BD02E005C000E50
5C201E5048302D70
5B3FAEF05D2EFDF0
55580ED059230BE0
44200A9E50644DB0
48304E705C000DA0
5C201BA04C13B070
613C00A85D2EFEF0
55580CE05F3F8CF0
4BD32E0044200C9C
4BD04C005C000EC0
483066705F3F99F0
5D2EF6F05C205C50
A30000005A207040
55580E60FFFF2504
506C4DC05B3F9AF0
5C000DB044200BAE
50644DC050684EC0
5C202DB05C201EB0
4C1350704830AE70
5D2EFEF05C203CB0
55580CE0613C0099
4BD36E0044200CAC
4830C6705C000EC0
5C20BC504BD04C00
5A2060405D2EF6F0
FFFF24A0A3000000
5B3F96F055580E60
44200B6E506C4DC0
50684EC05C000DB0
5C201EB050644DC0
48310E705C202DB0
5C203CB04C12F070
613C008C5D2EFEF0
44200C6C55580CE0
5C000EC04BD37E00
4BD04C0048312970
5C211C504BD32E00
55580C9044600EE7
44200B6C55580DE0
8B800A004BD00E00
5D2EF9F00000934F
6C0000006C000000
442009AE740085DE
57880EE0442008BE
4C1040E058000990
614FFFF95C000980
5D2EF0F0442000CE
5B3FA2F054000160
FFFFFC40A3000000
44200D6C57880EC0
8BD00B0055580EE0
4C1430E0000000FF
5C000BD05D2EFCF0
614400095B3F80F0
44200D6E4BD00C00
55580BE057880EE0
5C000CD04C1440B0
57C80CE0614FFFFB
000000F188300CC0
54000600555801C0
FFFF4120A3000000
00037C788B800C00
8B800C005B3000C0
64C00E000000929C
000092948B800200
4BD4330054000160
5B3FACF05F304CE0
A30000005F303CE0
54000060FFFFD884
FFFF3EF8A3000000
8C1000C058206C40
61480003000000FF
5C206C4057880CC0
4C1050C058206C40
6144000C4BD78E00
000003E88BD00E00
55580CC050004CEC
0083126FA8800CC0
FDF3B710CBC00E00
44200CCE00000000
5D204E4050704EC0
5B3FD6F05B3FC7F0
5B3FF4F05B3FE5F0
8B80000066800000
8B8001000000910E
8B800300000085DA
8BD00200000085EF
A3000000000005A0
6C00000000004EF8
6C0000006C000000
8B80000061000000
8B800100000090D6
8B800300000085A2
8BD00200000085B7
A3000000000005A0
6C00000000004EC0
8B80000061000000
8B800100000090A6
8B80030000008572
8BD0020000008587
A3000000000005A0
6C00000000004E90
8B80000061000000
8B80010000009076
8B80030000008542
8BD0020000008557
A3000000000005A0
6C00000000004E60
44200CCE61000000
8B8000005D2EFCF0
8B8001000000903E
8B8003000000850A
8BD00200000083E1
A3000000000005AC
6C00000000004E28
6C0000006C000000
6600000461000000
5B309C0074205E00
4BD00E0074205CC0
5A20ABC05D209EC0
FFFFFFFFCBC00D00
4C0000BD00000000
88888889CBC00E00
6148000C00000000
55600BB04831EBB0
4BD01A004C13C0B0
68800BBE61380006
8BD00A005072CBB0
46400ABA0000FFFF
5A20BBC05D20AAC0
4831EBB074000DBD
4C13C0A055600AB0
613800064BD01B00
5072CBB068800BAE
0000FFFF8BD00A00
5D205BC046400BBA
5A20CBC05D207BC0
4831EDB074000DBD
4C13C0B055600BD0
613800064BD01D00
5072CEE068800EBE
0000FFFF8BD00D00
5D206DC046400DED
59206EC05D208DC0
59205DC057C80EE0
75C003ED55580EE0
5D205EC04BD00E00
49001EE058207EC0
58A1CDC074600FE0
8BD00E004C1FF0D0
6134000B000000FF
8C1000E055480ED0
8BD00E00000000BF
6144000500FFFFFF
0000FFFF8BD00E00
5A208EC061000002
5A209EC05E2FFEF0
58205EC05E2FEEF0
614800064C10A0E0
4BD00D004BD0AE00
5C206DC05C205EC0
4831C1C05D204DC0
483F83F0483FC2F0
FFFF3668A3000000
11F0000066800000
11F0000011F00000
5F3FF4F066000017
5F3FD6F05F3FE5F0
8B800C005F3FC7F0
5B3016C0000099DC
5B301C205B309760
58204E707421BA70
59209E207421B8E0
613801B54C12C0E0
7461B3E258000EC0
74200CE058268E60
46400EED4BD06D00
4831CBC048362D60
580009B058000AD0
57880DD07441AAA9
57880BB057C80EE0
58204EC0747FFAE0
58206BC058205DC0
50244DD058207CC0
502C4CC050284BB0
45400CCB45400EDE
5F3FA2F0454000CE
FFFF1F90A3000000
5A000E705B3FA2F0
614C01954C0800CE
000378798B800000
4BD0A2004BD00100
A30000004BD00500
5B3FA2F00000720C
7421472059209C20
613801454C12C0C0
8BD00C0059208420
4BD01E00000000F0
5F3EEDF04BD00D00
540006205F3F26F0
55580BC059209D60
5B300660758006BD
4460044D44600CCD
61000133747FFA60
49001EE05B301060
610000055F3EDEF0
8BD008004BD00900
74215390000000FE
55580EC074210560
75C102ED55580D40
58000DD044200D0E
000000FF8C1000D0
8C1000E0614800FD
6147FFF10000FFFD
57880BE059209A60
44200B0B75C003BA
5B300B6061000004
5B301BB0742018B0
4C1330D058000BB0
752008D261340017
74203BD6742032D3
614C00484C1330D0
4BD03900746043B4
4C1000D061000033
540001D054000AD0
FFFFFFFFCBC00900
6148004300000000
746038B474603DD1
610000284BD06900
4C1330D04BD00B00
4C1350D06133FFEB
4C1360D06130000A
4C13A0D06148001F
4C13B0D061480028
74602AB4614C002F
6100001A4BD05900
614800094C1340D0
614C00284C1350D0
4C1010B04BD01A00
4BD019004BD01100
61000027614C001F
5B3EDBF074601DB1
4BD009004C1000B0
4BD01A0061480080
6100001F4BD01100
4BD07900762015B3
54000AB04BD04100
746010B46100001A
4BD04A004BD02900
610000154BD04100
74600AA049003AB0
464001B94BD08900
6100000F54000AB0
4C1040B04BD04A00
4BD049004BD04100
4BD009006148000A
000000FA8BD00800
4BD001006103FF9D
CBC0090054000AB0
00000000FFFFFFFF
44200EAE74205AD0
0000FFFD8C1000E0
48302EE06147FF90
742055105F3ECEF0
5F3F6CF048302CC0
5E2F7CF04BD00C00
610000085F3EF0F0
000000FA8BD00800
5B3F71F05B3F89F0
5B3EF0F04C100050
8C1800906148006D
613C00DE0000000A
8B800C0055600D90
44200BCD000375E5
4BD00E0058000CB0
5F3F0EF04C600ECE
5F3F4BF0746061C0
5F3F89F05F3F5DF0
5F3F71F05F3F18F0
4BD04C0055480510
5F3F92F04640025C
555803C05B3F6CF0
54000060483DC1F0
A30000005F3F33F0
5B3F9EF0FFFF4234
4C10505074402FEC
613800305B3FA2F0
4C1000C049003C50
614FFFD54BD00500
5B3F4EF04BD01C00
5A2F70F05C000CE0
FFFF1C50A3000000
50214EE05B3F5EF0
0003754C8B800D00
5B3F71F044200EDE
5B3F3DF0483FC110
0000FFFB8C1000D0
614000065E000CE0
000000FE8BD00800
5B3F89F05B3FA2F0
5B3F6CF06103FFC2
5F3F6CF048304CC0
578809905B3F89F0
5B3FA2F04BD01500
6103FFB95B3F18F0
6100002A57880DC0
610000285B3ECDF0
000000FA8BD00800
8BD008006103FF37
5B3FA2F0000000FE
742007516100001C
5A2F70F074601654
FFFF1BA8A3000000
610000025B3FA2F0
5B3EF0F0582DCCF0
5B3F5EF05E2F7CF0
4BD01B0050214EE0
0003748C8B800D00
4BD01D0044200EDE
5B3F4DF05F3F0DF0
5E000CE05C000BD0
610000065B3F18F0
000000FA8BD00800
5F3F0CF04BD00C00
5B3F0CF05B3EF0F0
5B3ECDF04C1000C0
59209E6061480011
4C0000CE55580CD0
613C00034BD01900
6103FF0C54000CD0
4460044E44600CDE
55580D4055580EC0
5B30066075DF04ED
5B30106074200660
54000CD06103FF03
6103FF004BD00900
000000FA8BD00800
4BD009004BD00600
8B800D006103FEFB
58000CD0000373D5
4BD01C004C1000C0
8B800C006148000F
5A000EC0000373C8
4C1010E04BD00C00
5B3F26F05C000CD0
742003E361480008
746005E24BD01C00
5F3EEEF04BD01E00
5B3F26F061000002
000000EC8BD00400
4C1000C04BD00E00
614BFED04BD6CC00
4BD2CC004BD6C400
5B3EEDF04BD01500
000000008C1800D0
5F3EEDF04BD00D00
61000003614FFEC7
5B3F26F04BD00500
000373398B800C00
7420415058201CC0
8B800C00742040C0
5A201CC000037330
5B30112055480CC0
742011C6742034C2
58205C70746038C5
75A01BE2483FCEC0
746033C1742002C3
A300000054000060
58269C60000000E4
742016C049008CC0
A300000054000060
6100002800000228
766020E558205E70
50004EDE4BD01D00
74201CE04903AEE0
A300000054000060
6100001E0000023C
4BD00E0055480C80
6103FFD64C2005CE
A300000054000060
5400006000000084
FFFFF7BCA3000000
8B80000061000013
8B800100000087B6
8B80030000007C82
8BD0020000008773
A300000000000680
6C000000000045A0
746007C261000000
746005C658205C70
A300000054000060
5B3FA2F000000224
A300000054000020
5B3FC7F0FFFF34DC
5B3FE5F05B3FD6F0
668000005B3FF4F0
5F3FF4F066000008
5F3FD6F05F3FE5F0
5B3094005F3FC7F0
8B8006004BD00C00
5F304C40000371ED
4C1000C058203C60
000371E48B800500
5A203C5061480003
58204C605E20AC40
5A204C50742003C0
5A20AC4061000003
5E20BC405060CCC0
742003C058205C60
610000075A205C50
A8800CC05A20AC40
89000CC000000007
5061CCC0FFFFFFF8
58210C105E20CC40
58212D1058211E10
50244EE058213B10
502C4BB050284DD0
45400EBD45400CEC
5E207C4045400CEC
742008C058206C60
A30000005A206050
5E208C40FFFF1844
52200CC058207C40
58207C4061000003
5C207C40490FECC0
742005C058207C60
A30000005A207050
5E209C40FFFF1814
4BD0040048320750
6C000000483DC5F0
58208CC044200C64
5A00007074200CC0
FFFF17E8A3000000
540000405E2F7CF0
A300000054000150
57880440FFFF17EC
743FF34148304770
5B3FD6F05B3FC7F0
5B3FF4F05B3FE5F0
6600000366800000
58205EC05B309C00
614800064C1080E0
4BD00D004BD08E00
5C206DC05C205EC0
483381C05D204DC0
A30000004831C2C0
66800000FFFFD310
5F3FF4F066000004
5B309C0054000400
4C10C0E058205EC0
4BD0CE0061480006
5C205EC04BD00D00
5D204DC05C206DC0
000086688B800100
5400021054000040
A300000054000310
54000040FFFF2D44
FFFFE418A3000000
668000005B3FF4F0
5F3FF4F066000006
5F3FD6F05F3FE5F0
000370018B800C00
74201BC058202CC0
5B30960054000410
8B800E004BD00C00
5D204C6000036FF0
540005005A202CE0
A3000000540000C0
5E206C60FFFF16CC
58211E4058210C40
58213B4058212D40
50284DD050244EE0
45400CEC502C4BB0
45400CEC45400EBD
540000505E207C60
FFFFF0A8A3000000
5B3FE5F05B3FD6F0
668000005B3FF4F0
5F3FF4F06600000B
5F3FD6F05F3FE5F0
4BD005005F3FC7F0
00036F988B800600
610000084BD00400
6C0000006C000000
483284405C220570
000001408C100040
442007646148002E
743FFAC058220C70
57880DE05920FE70
8C1000E055580ED0
5D20FD700000012B
746008C161440003
5B60006475A007E5
A3000000743FEE00
5F600564FFFF31B4
742009C16103FFEA
747FE8C3742005C4
5C220C704BD04C00
4BD02C006103FFE5
6103FFE25C220C70
48308C705B302070
48308E0048362100
4BD01B0064C00D00
5F305CD05F306BD0
000084D88B800200
8B800C0054000310
5F304CD0000084D2
A30000005F303ED0
6103FFD000000544
5B3FD6F05B3FC7F0
5B3FF4F05B3FE5F0
11F0000066800000
5F3FF4F066000009
5F3FD6F05F3FE5F0
5F3FB1F05F3FC7F0
00036E888B800C00
4BD08C0048320AC0
4BD008004BD00900
4BD006004BD00300
4BD085004BD08E00
5F3FADF04BD08D00
6C0000006C000000
580004A0555807E0
4BD017004C108070
74600340614C0004
6100002154000E90
7420070074202040
5A2FA1A05A000D00
74201220744004D1
7400102D5B3FEDA0
5B3FCDA074600941
74200FD0592FF4A0
7580024655580660
4680064654000C90
592FF4A061000010
7580024855580880
4680084854000590
54000B906100000A
610000074BD00700
7580024355580330
468003435F3FA9F0
6C0000006C000000
5788099074205870
4C10809048328AA0
5B3FBDF0614FFFD4
8BD00B004C1010D0
6144004F0000FFFF
4C1080D055180DE0
55180E5061280031
A8800CE0756013E7
8B800E0000000028
5B600CEC00036D6C
8B800000742015C0
8B80010000008266
8B80030000006D64
8BD00200000080C7
A30000000000016E
6C00000000004050
5B3FA5F061000000
4C1080E055180E50
55180EC061280005
540005C04C1070E0
55180C5061340030
00000028A8800EC0
00036D008B800D00
442004DE5B600CDE
5400060074200AC0
54000720540000C0
FFFF2F60A3000000
5400027054000060
5F300C404BD00C00
54000E504BD00C00
55180CE05C220C40
00000028A8800CC0
00036CB08B800D00
58220DC044200CDC
8B80000074200DD0
8B800100000081A6
8B80030000006CA4
8BD0020000007924
A300000000000186
6C00000000003F90
7420030061000000
5E202DC05A000D00
5D20FDC04BD00D00
5F3022C054000BE0
5B3FC7F055180CB0
5B3FE5F05B3FD6F0
668000005B3FF4F0
11F0000011F00000
5F3FF4F066000012
5F3FD6F05F3FE5F0
742092105F3FC7F0
5B30140054000C00
58000D4058201E40
45400EED50244EE0
000001008C1000E0
58204E40614C0086
58205E40746084E6
58203E40746082E4
50244EE058202D40
4C1080E045400EED
5F3F9CF0614C007C
5F3FA1F054000010
A300000054000140
4830E140FFFFD02C
5F3F80F0483DC0F0
A30000004BD04200
4831814000006474
4BD04200483D80F0
00006460A3000000
5A2025005B3FA0F0
5A2F6EF04BD00C00
4C600EE54C200C5C
5A2F7DF0454007CE
4BD026004C100070
4BD01600614C0002
746065C658268C00
5F3F7CF048308C40
540000D074203ED0
5F3F6DF05B3FA1F0
0000177CA3000000
5B3FA0F05B3F6DF0
5A2F7CF0746036C0
8C1000C0490F0CC0
61480031000000E0
55480160483DC0F0
A30000005B3FA2F0
5B3F6DF0FFFFFC64
74A029C05B3FA0F0
00000028A8800CC0
8B800E005F3F5CF0
442006EC00036AE4
5C220C604BD02C00
5F30206048318C60
5B3F71F0540000C0
A30000004BD06200
5B3F6DF00000638C
4BD00C005B3FA0F0
8B800E005D20FC60
5B3F5BF000036AA4
742011B05B600BEB
5F300C6048362200
8BD00E0064C00C00
540006B000000800
5B3F73F0540001B0
A30000005F303EC0
5400006000002F0C
FFFF2CE0A3000000
5B3FA0F05B3F6DF0
58206E4058207C40
45400CCE50244CC0
000001008BD00E00
45400CC74C600CCE
4C1000C049001CC0
614C00115B3F9CF0
6148000F4C0800D5
4836210048308C00
4BD02D0064C00E00
5B3F8DF05F306DE0
5B3F72F05F305DE0
5F3042E054000310
A30000005F303CE0
5B3F9CF00000006C
A3000000540000C0
5B3FC7F0FFFF2C5C
5B3FE5F05B3FD6F0
668000005B3FF4F0
00007ECA8B800000
000069C88B800100
00007D428B800300
000001AA8BD00200
00003CB4A3000000
6C0000006C000000
11F0000061000000
11F0000011F00000
5F3FF4F06600000E
5F3FD6F05F3FE5F0
5B3085F05F3FC7F0
5B306EF05B3076F0
74204A005B305CF0
5400040054000730
5F3F9CF05F3F8EF0
5F3FB2F05F3FA1F0
4BD1C1004BD0E000
000002808BD00200
FFFF28D0A3000000
59209EC074204BC0
614000504C11B0E0
5F3F7CF05F3F66F0
540000505B3016C0
FFFF0FC0A3000000
5C206C6050644EC0
58268C405C207E60
48308060746051C6
4BD0620054000170
000061B0A3000000
5B3F81F048312060
A30000004BD06200
4830E0600000619C
4BD042005B3F91F0
A30000004BD04500
4831806000006184
4BD042005B3F61F0
00006170A3000000
4BD007004BD01C00
5C0007605C201C60
5C2037604BD08C00
4BD06C005C202C60
5C2055605C204C60
8BD00E0064C00C00
5400004000000806
540001405B3F74F0
5B3FB3F05B3FA2F0
A30000005F303EC0
5400004000002CEC
FFFF2AC0A3000000
8B80000061000011
8B80010000007D3E
8B8003000000683C
8BD00200000076AE
A300000000000460
6C00000000003B28
6C0000006C000000
8BD0070061000000
55080C70000000FF
5B3FD6F05B3FC7F0
5B3FF4F05B3FE5F0
8B80000066800000
8B80010000007CE6
8B800300000067E4
8BD002000000644D
A30000000000046C
6C00000000003AD0
8B80000061000000
8B80010000007CB6
8B800300000067B4
8BD0020000007B52
A300000000000473
6C00000000003AA0
11F0000061000000
11F0000011F00000
5F3FF4F066000008
5F3FD6F05F3FE5F0
74201C1074200F00
5400040074202720
5400062054000510
540001405A000020
00001384A3000000
8B80030074202BC0
5400015000007D2C
8B8000006100003C
8B80010000007C2E
8B8003000000672C
8BD002000000759E
A30000000000031F
6C00000000003A18
6C0000006C000000
8B80000061000000
8B80010000007BF6
8B800300000066F4
8BD0020000006353
A300000000000320
6C000000000039E0
8B80000061000000
8B80010000007BC6
8B800300000066C4
8BD0020000006C86
A300000000000321
6C000000000039B0
54000C6061000000
490F0DE05A000E60
000000E08C1000D0
614C001C54000150
5C2E2EF04BD01E00
4BD00E00483E23F0
5C201E304BD5ED00
58201EC05C202D30
5C203E304907FEE0
5C204E3058202EC0
5C205C3058203CC0
64C00C0048362240
000008008BD00E00
5F303EC054000040
00002AC0A3000000
5B3FD6F055080CC0
5B3FF4F05B3FE5F0
5A203D4066800000
5A202B4055580AE0
0000FEA98C1000A0
45800EBE61480009
8C1800E045000EED
6148000400000000
74202BC05A204C40
8B800E0048310C40
580002E00003670C
00000028A8800B20
000365B88B800D00
58220AB044200BDB
5B302AB0762006A1
5A000AC0744004A4
740011AB5A202BB0
4BD0020048310DD0
6C00000061000006
48328DD057880220
6148000D4C108020
75BFFBB258210BD0
745FF9B45B300BD0
5A2FEAD05A000BC0
5C0002E0745FF6BA
A300000054000040
6103FFCB0000003C
5400021054000040
A3000000540001C0
6103FFC500000164
000000FC8BD00C00
11F000006103FFC2
11F0000011F00000
5F3FF4F06600000A
5F3FD6F05F3FE5F0
00000028A8800C20
000364F88B800E00
58220C50442005EC
746037C2762012C1
8C1000C05920FC50
6138001A0000011D
4836230048308C50
64C00D0048308E00
5F306BD04BD01B00
8B800C005F305CD0
8B80020000007AB2
6100001B00007AA4
000079AA8B800000
000064A88B800100
000070798B800300
000002F08BD00200
00003794A3000000
6C0000006C000000
8C1000C061000000
613800170000010E
4831825048308C50
48308E0048362300
4BD01B0064C00D00
5F305CD05F306BD0
00007A3E8B800C00
5400061054000400
5F304CD054000130
A30000005F303ED0
54000040FFFFFAA4
746003C054000160
5C220C504BD03C00
4831835048362200
8BD00E0064C00C00
5F303EC000000800
00002890A3000000
5B3FE5F05B3FD6F0
668000005B3FF4F0
11F0000011F00000
5F3FF4F06600000D
5F3FD6F05F3FE5F0
540006105F3FC7F0
5A000C1054000420
540000C054000500
A300000054000150
4C1000C000000FE8
000000F08BD00C00
55080CC061480007
5B3FD6F05B3FC7F0
5B3FF4F05B3FE5F0
5A000E6066800000
490F0EE0743FF9E0
000000E08C1000E0
54000060614BFFF5
540002504BD01100
FFFFF4B0A3000000
4C17F0C0753FEFCF
A8800EC0613C0043
8B800D0000000028
44200BDE00036334
74600470582207B0
5C220EB04BD01E00
58220EB05F3025B0
54000EC0742045E0
7420054048362A50
8BD00C004C100070
614C001F000000FF
48308C505F3FBEF0
4BD01D0064C00E00
5F3056E05F306DE0
000078D68B800D00
000078C88B800200
540001A054000050
540003A05F3FAAF0
5F303CE05F304DE0
A3000000540006B0
54000B60FFFFF92C
58220EB0746006C0
746003E174200470
5D20FEB04BD00E00
5B3FBEF04C100040
614BFFBC5B3FAAF0
58220DB074202B40
8B800C0075A035D2
483183B0000363AC
64C00C005C000EC0
000008008BD00E00
5400014054000050
5F303EC0540002A0
000026E0A3000000
8B8000006103FFAB
8B8001000000773E
8B8003000000623C
8BD00200000070BC
A3000000000003C2
6C00000000003528
6C0000006C000000
8B80000061000000
8B80010000007706
8B80030000006204
8BD0020000006C29
A3000000000003D0
6C000000000034F0
8B80000061000000
8B800100000076D6
8B800300000061D4
8BD0020000005E33
A3000000000003EA
6C000000000034C0
747F84D161000000
59209EC054000C40
744003ED59208DC0
74601EE05B300EC0
49040EE058214EC0
5B300CC0746008E0
540005B0747FF7C0
A300000054000040
61000009FFFF29F4
4BD0E000540005B0
000002808BD00100
A300000054000240
540004C0FFFF31A4
5B30005074200840
A300000074200300
4BD00C00FFFF23AC
6103FF645F300450
000000FF8BD00C00
8B8000006103FF61
8B80010000007616
8B80030000006114
8BD00200000073D2
A3000000000003FA
6C00000000003400
6600000761000000
64C00C0048362300
5F306EC04BD01E00
8B800E005F3051C0
8B800D00000076C2
8B800200000076AC
54000130000076AC
5F303DC05F304EC0
FFFFF720A3000000
6600000766800000
4836210054000C10
4BD01D0064C00E00
5F305CE05F306DE0
000076768B800D00
000076688B800200
5F304DE054000310
A30000005F303CE0
66800000FFFFF6DC
5F3FF4F06600000C
5F3FD6F05F3FE5F0
8B8007005F3FC7F0
5B302670000080BC
50214CC058000C60
4C1140404903C4C0
59209C0061380019
5B301C0075A017C4
4C1080C058000CC0
5A208C70614C0013
8C1000E0490F0EC0
6148000E000000E0
540005005F3FB1F0
540000C05B300170
00000C24A3000000
54000050742003C0
5400005061000005
4C1080C059208C50
A3000000613C0008
5B3FC7F0FFFF223C
5B3FE5F05B3FD6F0
668000005B3FF4F0
FFFF0ED0A3000000
4830E140747FF1C0
5F3FA1F054000050
FFFF2588A3000000
59208C50742009C0
555801C044200CC4
4BD00C004C00001C
5400005061480017
5400005061000050
A30000005B3FA1F0
54000050FFFF25F4
8B80000074204BC0
8B8001000000744E
8B8003000000673F
8BD002000000651D
A3000000000000C7
6C00000000003238
6C0000006C000000
4BD0E00061000000
000002808BD00200
FFFF1EA0A3000000
59209DC0742007C0
760007ED48308E40
540000C04BD00600
540000506100002C
6100002D4BD00C00
540001605B3010C0
540006C054000240
00005790A3000000
5400014054000060
FFFF2550A3000000
8B80000074200FC0
8B800100000073AE
8B8003000000669F
8BD0020000006D3A
A3000000000000B6
6C00000000003198
6C0000006C000000
5400006061000000
A300000054000150
4C1000C0FFFF28C8
54000D6054000050
540000D061480002
4BD00E004C1000C0
54000D5061480002
540005D04C2006CE
FFFF20B0A3000000
54000C6054000050
5B301600743F99C0
540001405F3FA0F0
FFFF2410A3000000
5B3FA0F0742003C0
5A208E706103FF91
5B3015C05B3FACF0
5C20CE50506C4CE0
50684CE05C20FC50
5C20EC5050644EE0
5A207C705C20DE50
506C4EC05C210C50
5C213E5050684DC0
50644CC05C212D50
5C211C504BD00D00
58203C605C000D60
50244CC058202E60
4832077045400CCE
0000FFF78C1000C0
614400024BD09E00
44200CEC4BD08E00
50644CC05C202C60
000000FF8BD00E00
5C208E505C203C60
5C20BD505C20AD50
5400014054000050
A30000004BD00600
50644EC0FFFF0BF4
5C20BE505C20AC50
5B3FBCF064C00E00
4BD01C005F305CE0
540000405B3FA4F0
4BD0020054000170
000000FF8BD00300
5F3036E05F304CE0
00000660A3000000
6103FF5254000040
5548021066000003
A30000004BD03100
6680000000000014
11F0000011F00000
5F3FF4F06600000E
5F3FD6F05F3FE5F0
540006005F3FC7F0
4BD1CE0059208C00
464007CE5F3FA2F0
483085705F3F91F0
540001504BD22000
000002808BD00200
FFFF1C40A3000000
540004C074204BC0
75C00CC559209CC0
000071928B800000
000064838B800100
0000635A8B800300
0000016E8BD00200
00002F7CA3000000
5B30154061000000
5F3F8CF05B301C60
5C000C505B3F9CF0
5B3FAEF04BD00C00
5C207C505C201E50
5C205C505C206C50
540000405C204C50
5400027054000160
A30000004BD08300
5B3F8BF0FFFF26BC
5820DEB05820CCB0
5820FBB05820EDB0
50284DD050244EE0
45400CEC502C4BB0
45400CEC45400EBD
483DC0F05E2F7CF0
000000A0A3000000
540006C0742018C0
5C2037504BD00700
592091405C202750
A300000054000050
50644EC0FFFF0A5C
5C203E505C202C50
5F3056C064C00C00
483DC2F04BD01E00
4BD0010054000040
000000FF8BD00300
5F3037C05F304EC0
000004D0A3000000
A300000054000040
5B3FC7F0FFFF1DF4
5B3FE5F05B3FD6F0
668000005B3FF4F0
5548021066000003
A30000004BD0B100
66800000FFFFFE6C
8B800C0066000000
6C00000000035A2C
742010C05B300CC0
49005DE058269EC0
5A202BC0747FFCD5
5A000D00743FFAB0
45800BDB5A203AC0
742005B045000BBA
747FF3E049002EE0
745FF1DE5A204EC0
8B800C0066800000
5B300EC0000359E4
4BD00C004C1000E0
58269DE0614BFFFA
747FF7D549005DD0
743FF5D05A202DE0
55480CC05A000C00
4BD00C004C17F0C0
54000CE0614BFFF0
11F0000066800000
5F3FF4F06600000A
5F3FD6F05F3FE5F0
540004005F3FC7F0
58000C505B301500
4C1400E0490F0EC0
54000610614C0015
50214CC058203E50
50244EE058202D50
5F3FBCF055480CC0
A3000000454000ED
59208E40FFFF010C
75C005CE540007C0
5400017054000040
FFFF1E98A3000000
5B3FBEF059209C40
5400004075C00ACE
FFFF1CA0A3000000
5B3FC7F04BD00C00
5B3FE5F05B3FD6F0
668000005B3FF4F0
765FF67C59208C40
6143FFF44C1130E0
58211E5058210C50
58213B5058212D50
50284DD050244EE0
45400CEC502C4BB0
454000EC45400EBD
00007A488B800700
5820CC505E208070
5820ED505820DE50
50244EE05820FB50
502C4BB050284DD0
45400EBD45400CEC
5E207C7045400CEC
490F0E0058269C60
8C1000E049001CC0
614C0008000000E0
5A202C60742005C0
54000D604C1000C0
4BD00D00614C002E
74200CC06100002C
74200AC05A202C60
54000D604C00000C
5400016061480026
00000584A3000000
54000D604C1000C0
5A208C70614C0020
000358188B800E00
5B3007E055480CC0
4BD00D004C17F0C0
61000015614C0005
6C0000006C000000
742011705B300770
58269C70741FFE76
743FFBC049001CC0
743FF9C05A202C70
000079608B800E00
7400060C5A2080E0
A300000054000170
4BD00D0000000510
54000D70743FF0C0
000079388B800700
4BD00C004C1000D0
58209C50614C0014
4C1110C04BD00D00
614C000F4BD00C00
44200C5C5B3FBCF0
58202CC058203EC0
45400CEC50244EE0
000044008BD00E00
000044008C1000C0
6148000254000D60
4C200CCE4BD00D00
74600FC05A207070
540007D074200E00
A300000054000160
54000D7000000488
000078B88B800700
5A207C70747F83C0
8C1000C0490F0CC0
614BFF7E000000E0
58207C50743F7DD0
50244CC058206E50
89000CC045400CCE
4C1000C00000FF3F
614800085F3FADF0
A300000054000040
743F73C00000084C
5B3015C0540004C0
5F300D705B3FADF0
5F3025705F301670
50214CC058000C50
5D20CC704903CCC0
5400016054000040
FFFF2900A3000000
000000018C1800C0
4BD00C00614C0009
5F301C705F300C70
5D20CC705F302C70
5E208C705E207C70
5F3F9CF06103FF5A
5B3FB1F054000040
FFFF1E10A3000000
74200EC158209C50
4C1110C0742008C6
54000040614C0010
A300000054000160
6103FFEAFFFFAEBC
5400016054000040
FFFF4E78A3000000
540000406103FFE5
A300000054000160
6103FFE0FFFFF6D4
8C1800C05B3F9CF0
6148001300000002
5B3FA1F05A208070
00000344A3000000
5A208C7074600EC0
8C1000C0490F0CC0
61480009000000E0
5B3FB1F054000040
FFFF1F18A3000000
4BD0210054000040
FFFFF9C8A3000000
A300000054000040
6103FFC6FFFF193C
5B307DF066000006
5B305CF05B306EF0
7420031074200520
746002B05A000B10
64C00B00483081D0
5F304EB05F305DB0
A30000005F303CB0
668000000000000C
5F3FF4F06600000F
5F3FD6F05F3FE5F0
5B3075F05F3FC7F0
5B3056F05B3067F0
746066C158216C00
7420722054000400
5F3F93F05F3F81F0
540000405F3FA2F0
A30000004BD14100
4C1000C0FFFF1C2C
000000FE8BD00C00
59209C40614C0086
614000894C1130C0
5B3015405F3F75F0
5C208C505B3F9CF0
5B3FACF05C209750
506C4EC05A000CC0
5C213E505C210C50
50684DC050644EC0
4BD45E005C211E50
5C212D505F3F6DF0
5C2016505C000E50
55580CC059208040
A30000005F3F5CF0
5C202C50FFFEFC6C
50644CC05F3F4CF0
5C203C504BD00E00
8B800C005C207E50
5C206E50000356D6
A3000000590000C0
50644EC0FFFEFC3C
5C205E505C204C50
000356B28B800B00
57880DE059000EB0
4C1000E05B3F8EF0
614C00035D000DB0
00006B408B800E00
50244BD044200D67
45400DDB5B3F9DF0
44200DDB5B3F5BF0
5B3F6BF05A000EE0
5B3F4BF044200DDB
55580BE044200DDB
50684DE044200CDC
44200CCD44200CCB
89000BC048345CC0
5C20CE50FFFF0000
55580CC050684BB0
44200CBC506C4AE0
50684BC05C20FA50
44200CBC5C20ED50
54880CC050644EE0
50644EC05C20DE50
5C20BE505C20AC50
5B3F75F05B3FA2F0
8B80000061000021
8B800100000069BE
8B80030000006557
8BD00200000055E0
A300000000000376
6C000000000027A8
6C0000006C000000
59209C4061000000
8BD00C004C1140C0
6138001B000000FE
58210EC05B301C40
58212BC058211DC0
50244DD058213CC0
502C4CC050284BB0
45400CCB45400EDE
483DC2F045400CCE
59230C505E2F7CF0
59208E40742008C0
54000040760006EC
A300000054000150
61000005000012FC
540000505B304C50
6280000C54000140
5B3FC7F055080CC0
5B3FE5F05B3FD6F0
668000005B3FF4F0
000068F28B800000
0000648B8B800100
0000576F8B800300
000003AB8BD00200
000026DCA3000000
6600000061000000
8C1800C057880C00
4BD01C0000000002
58269C1061380016
4C1000C049002CC0
614800114BD00C00
4C08000E5A202E10
5A203C106148000E
45000ECE45800EE0
45400CC055600EE0
55600CC04BD00D00
FFFFFFFFCBC00B00
4C200EED00000000
45000CEC4C200CCB
11F0000066800000
11F0000011F00000
5F3FF4F066000005
8B800C005F3FE5F0
5B3000C00003547C
4BD0040074201400
6C0000006100000B
6C0000006C000000
540001405B300500
00000048A3000000
540000504C100050
58227C0061480008
57C80CC0743FF8C0
5B3005005C227C00
6103FFF754000400
5B3FF4F05B3FE5F0
11F0000066800000
11F0000011F00000
5F3FF4F06600000F
5F3FD6F05F3FE5F0
74008C105F3FC7F0
74200E1054000400
74000CC45B300C10
000067A28B800000
000050228B800100
000067708B800300
000000AD8BD00200
0000258CA3000000
5B30174061000000
58209C005B301070
50244CC058208E00
4C1000C045400CCE
614C00294BD00600
58000E0058201C00
45400CCE50244CC0
58202D0058205E00
50244EE058204B00
45400EEB50284DD0
58207A0058206B00
50284BB058203900
502C4990502C4AA0
45400D9D45400BAB
45400CDC45400EBE
45400CEC50304EE0
4831014054000510
4BD142005F301C40
00004AB0A3000000
4BD0110054000070
FFFFF678A3000000
A300000054000070
540006C0FFFF1A24
A300000054000070
54000150FFFF1434
5F3F41F05F3FB6F0
5B3017405F3F54F0
6C00000074203370
58000EC05B301C70
582015C05F3F7EF0
582036C0582024C0
5F3FAEF058204EC0
5F3F6EF058205EC0
5F3F9EF058206EC0
5F3F8CF058207CC0
A300000054000070
5B3FBEF0FFFF19B4
44200CCE55580EE0
8C1000C05F3FBCF0
613C005200010000
5B3F7EF050244C50
50284E4045400CCE
5B3F6BF0502C4D60
5B3F9AF050244BB0
5B3F89F050284AA0
5B3FA8F0502C4990
45400A9A45400BB8
45400DAB45400EDE
50304ED045400CEC
54000070454004EC
FFFF1360A3000000
540007404C100040
8B800C00614FFFD0
5B300EC000035214
4C0000E15B3F51F0
6148001A5B3F4DF0
8B800000746019D0
8B800100000065B6
8B80030000004E36
8BD0020000005BD3
A300000000000145
6C000000000023A0
8B80000061000000
8B80010000006586
8B80030000004E06
8BD002000000559B
A3000000000000AB
6C00000000002370
740002E161000000
5B300E1054000CD0
4BD050005F300EC0
FFFF0928A3000000
000351808B800E00
5B3FBBF059000DE0
75C018DC55580CB0
000065228B800000
00004DA28B800100
000050D88B800300
000000D28BD00200
0000230CA3000000
8B80000061000000
8B800100000064F6
8B80030000004D76
8BD00200000056EA
A3000000000000CC
6C000000000022E0
44600DDB61000000
5B3FC7F05D000DE0
5B3FE5F05B3FD6F0
668000005B3FF4F0
5F3FF4F06600000C
5F3FD6F05F3FE5F0
5B3017005F3FC7F0
4900FCC058000C70
58207C70746016C5
50244CC058206E70
454000CE54000400
FFFEF620A3000000
58202D7058203E70
5F3F9CF050244EE0
A3000000454000ED
54000040FFFEF604
50214EE058000E70
4903CCE0540004C0
75C00A4C5F3F8CF0
FFFF11A8A3000000
54000C404BD00400
5B3FD6F05B3FC7F0
5B3FF4F05B3FE5F0
5F3FA0F066800000
FFFF1760A3000000
000350488B800E00
5F3FBCF059000EE0
4C10B0C044200CEC
613800605F3F74F0
8B8006004BD00400
610000100003501C
6C0000006C000000
4BD01E0055200CD0
742005004D6005CE
FFFFFBF0A3000000
442004C455600CC0
5B3FBEF055200C40
45000CC54CA00CCE
5B300C60742041C0
5820CE7074203AC0
5820EB705820DD70
50244DD05820FA70
502C4AA050284BB0
45400DAB45400EDE
4BD0010045400EDE
4BD00B004BD00D00
610000064BD00000
6C0000006C000000
54000CA04C1000A0
5A207AC0614BFFDE
58210A70744014AE
5821287058211970
5024499058213270
502C422050284880
4540092845400A9A
45400A9A5A2088C0
58205A707440088A
50244AA058204970
45400AA95920A8C0
6C00000074000C8A
7420070057880DD0
5822790058227AC0
540000C0764002A9
61000003760003A9
540001B0540000C0
743FDDA05B300AC0
6103FFDB54000BC0
6C0000006C000000
4BD001004BD00000
747FB9004BD00500
8C1800406103FFBC
5B3FA0F000000000
614BFF955B3F74F0
00034EC88B800C00
5B3FBEF059000CC0
4C10A0C044200CCE
8B800C006147FF8E
5B3006C000034EA4
5820CC7074203760
5820ED705820DE70
50244EE05820FB70
502C4BB050284DD0
45400EBD45400CEC
6100000345400CEC
74202A605B300660
745FFDEC5A207E60
58211D7058210E70
58213A7058212B70
50284BB050244DD0
45400EDE502C4AA0
5A208B6045400DAB
745FF1BE45400EDE
58204D7058205E70
5920AB6050244EE0
745FEBBE45400EED
58206E7058207C70
454000CE50244CC0
FFFEF370A3000000
00001FFF89000CC0
5920B060746083C0
FFFEF358A3000000
00001FFF89000CC0
4831006074207DC0
4BD1420054000170
00004550A3000000
4BD0500061000077
FFFF0518A3000000
74605CC0540004C0
8B8006004BD00400
6100000E00034DA4
4BD01E0055200CD0
742005004D6005CE
FFFFF980A3000000
442004C455600CC0
5B3FBEF055200C40
45000EE54CA00ECE
5B300C60742041E0
5820CE7074203AC0
5820EB705820DD70
50244DD05820FA70
502C4AA050284BB0
45400DAB45400EDE
4BD0010045400EDE
4BD00B004BD00D00
610000064BD00000
6C0000006C000000
54000CA04C1000A0
5A207AC0614BFFDE
58210A70744014AE
5821287058211970
5024499058213270
502C422050284880
4540092845400A9A
45400A9A5A2088C0
58205A707440088A
50244AA058204970
45400AA95920A8C0
6C00000074000C8A
7420070057880DD0
5822790058227AC0
540000C0764002A9
61000003760003A9
540001B0540000C0
743FDDA05B300AC0
6103FFDB54000BC0
6C0000006C000000
4BD001004BD00000
747FB9004BD00500
4BD006006103FFBC
4C0000CE5B3FBEF0
612800054BD00400
A30000004BD05000
540004C0FFFF03AC
5400004074201340
4BD282004BD00100
00004458A3000000
8B800E004BD0FC00
5C227C4000034C24
5F300C405B300CE0
5F3004E048310040
4BD1420054000170
00004388A3000000
4C10006054000640
5B3F74F05B3FA0F0
58206C70614BFEDE
5021CDE05B3F9EF0
5B3F8EF049020CC0
5F3F7CF044600B4E
55580CD0746009C0
44200EEC55580EB0
74413ECE55580CE0
0000FFEB8C1000C0
5F3F8BF06144013B
5B3FA4F05F3F9DF0
58203C505B301540
50244CC058202E50
A3000000454000CE
58000E50FFFEF0F4
4903CEE050214EE0
4C0000CE4BD00900
613801264BD01700
44600CCE58207D50
50244DD058206E50
454000DE555805C0
FFFEF0B8A3000000
5B301E405021CBC0
55580DB04BD00900
5C2069E05C2079E0
5C2049E05C2059E0
5C2029E05C2039E0
5062CCC05C2019E0
5C209CE05C0009E0
5C208BE044200CD5
50644BC055580AC0
5C20ACE04C0000AC
614C01085C20BBE0
58208B6058209C60
45400CCB50244CC0
5820A9605820DB60
50244BB05820C860
45400BB850284990
5820F0605820E860
502848805820B160
502C4110502C4000
4540091945400808
45400C9C45400B8B
454009BC50304BB0
4BD00B0074203390
6100001A4BD01C00
5800098058201B80
45400BB950244BB0
5820208058205980
5024499058204180
4540099150284000
5820728058206180
5028411058203380
502C4330502C4220
4540003045400121
45400B0B45400919
4540099B50304990
54000B804C100090
5B3018906148004C
5820818058209080
4540000150244000
613800154C0000D0
614800CC4BD00900
5820A2805820B180
4540011250244110
743FD9B07580C7D1
5820ABB05820B9B0
45400B9B50244990
4BD00C00741FD4B0
4BD01A006103FFD2
4BD01C004BD00B00
61000078746035A0
50784190507C4890
5C2061E05C2078E0
5070419050744890
5C2041E05C2058E0
5C0009E0506C4890
506848905C2038E0
4C1000B050644990
5C2019E05C2028E0
5820A8B06148005B
4BD009005820B1B0
4BD017004C0000A0
50244A10614400A3
7580A0DA45400AA8
507C49005B3FA0F0
507849005C2079B0
5C2069B050744800
507049005C2058B0
5C2049B0506C4800
506849005C2038B0
5C2029B05C0000B0
4C0000AD50644900
5C2019B04BD00A00
4BD00C0061480006
61000048746005A0
54000B804BD01A00
742014B0742045A0
5820A9B05820BAB0
45400AA950244AA0
8B80000076001FAD
8B80010000005C8E
8B8003000000450E
8BD0020000005A64
A3000000000001B6
6C00000000001A78
6C0000006C000000
5B301D6061000000
8B800000742027D0
8B80010000005C4E
8B800300000044CE
8BD00200000057FB
A3000000000001BF
6C00000000001A38
6C0000006C000000
5B3FA4F061000000
50784840507C4940
5070414050744040
50684340506C4240
4C0000AD50644540
5C2068B05C2079B0
5C2041B05C2050B0
5C2032B05C0004B0
5C2015B05C2023B0
4BD00C006148000F
760007A06100000D
4BD017004BD00900
5B3FADF06100004B
610000065F301D60
4BD00A004BD00B00
5F3019605B3FA9F0
5B3F7DF0747FBDA0
8C1800C0746007D0
614C000D00000000
4BD009004BD00700
58226D606100003B
4C1000D049001DD0
614800354BD00700
000000008C1800C0
614800324BD00900
4C1000C05B301C60
6148002D4BD00700
58209DC05B301CC0
50244DD058208BC0
746027D045400DDB
5B301DB06100000D
5820AEE05820BAE0
50244AA0582099D0
50244990582088D0
45400A9845400EAE
54000ED04C0000EA
58201DE0614C0019
50244DD058000BE0
58205BE045400DDB
582049E058202AE0
50284AA050244BB0
582069E045400BB9
582030E0582078E0
502C488050284990
45400989502C4000
45400B9B45400A0A
50304BB045400DAD
747FDEB045400BBD
7420C8B054000DE0
4C1000704BD00900
5B3F8AF05B3F9BF0
5B301C6061480017
5B3FA0F04C1000C0
8B800C00614FFD90
5B300CC0000346AC
8B8000007400836C
8B80010000005A5E
8B800300000042DE
8BD00200000042F7
A3000000000002AB
6C00000000001848
6C0000006C000000
8B800E0061000000
59000CE00003466C
44200CCD5B3FBDF0
4C1000D05B3F7DF0
614C00065D000CE0
5D212C6044200CAB
52200CC058226C60
4C1000905C226C60
614BFD704BD00400
5B3014C05B301C60
58201E4058000C40
58203B4058202D40
50284DD050244EE0
45400CEC502C4BB0
58204D4045400EBD
58206A4058205B40
50244BB058207940
502C499050284AA0
45400B9A45400DBD
45400DBD59212A60
50304ED045400CEC
454005EC483147A0
5400004048310160
A30000004BD14200
5558007000003D34
FFFEEB10A3000000
50644CC05C202C40
5C203C404BD00E00
5C206E405C207E40
5C20AE405C20BE40
4BD1410054000040
FFFEF2C8A3000000
5C20AC4050644EC0
5B3014605C20BE40
6C00000074202450
6C0000006C000000
540000505B301750
A30000004BD14100
54000040FFFF0A94
A300000054000150
58201C70FFFF0CD4
50244CC058000E70
58205E7045400CCE
58204B7058202D70
50284DD050244EE0
58206B7045400EEB
5820397058207A70
502C4AA050284BB0
45400BAB502C4990
45400EBE45400D9D
50304EE045400CDC
747FE150454005EC
000344C88B800B00
7400116C5B300CB0
8B80050054000DC0
6C000000000344BC
54000ED0742010D0
745FFDD65B300DD0
540004006100000D
4BD0010054000060
000001A0A3000000
6103FD0354000040
8B8005004BD00E00
610000020003447C
7400046C4BD00E00
54000BE04C1000E0
5B300C606148001C
4BD050005F300CB0
A300000054000160
54000040FFFEFBEC
FFFF0B50A3000000
75C00EEC59000E50
000057EA8B800000
0000406A8B800100
00003F828B800300
0000029B8BD00200
000015D4A3000000
6C0000006C000000
44600CEC61000000
6103FCE25D000C50
000057AA8B800000
0000402A8B800100
00004DC78B800300
000001458BD00200
00001594A3000000
6C0000006C000000
740024CD61000000
58205ED058204CD0
58207AD058206BD0
50284BB050244EE0
45400CEC502C4AA0
58000BD045400EAB
582029D058201AD0
50244AA058203DD0
502C4DD050284990
45400DD945400BAB
45400EDB45400CEC
74201AC045400CEC
0000571A8B800000
00003F9A8B800100
0000416C8B800300
000001E38BD00200
00001504A3000000
6C0000006C000000
8B80000061000000
8B800100000056E6
8B80030000003F66
8BD0020000004707
A3000000000001E1
6C000000000014D0
4BD0190061000000
11F000006103FF09
8B800E0066000003
5B300DE0000342E4
740004D054000C00
54000E104C100010
5B300DC061480008
4BD050005F300DE0
A3000000540001C0
66800000FFFEFA5C
0000566A8B800000
00003EEA8B800100
00004C878B800300
000001458BD00200
00001454A3000000
6C0000006C000000
11F0000061000000
11F0000011F00000
5F3FF4F066000017
5F3FD6F05F3FE5F0
5B3016005F3FC7F0
4900FCC058000C60
4C1050C059230510
000000FA8BD00B00
5F3F71F0614C00DF
5F3FB0F05F3F52F0
4C1140C059209C00
58207C60613800D9
50244CC058206E60
A3000000454000CE
5B3FBEF0FFFEE77C
483ECEE059208EE0
55580EE05F3F8EF0
54000DC07420BEE0
89000EC0483ECC50
506ECEE0E0000000
50A1CCC044200CCE
5021CCC05F3EFCF0
89000ED05F3F6DF0
55580CC000002000
4BD145005F3F1CF0
5F3FACF04BD00C00
5F3EECF055580CE0
6100002E5F3F06F0
442005455F3FA4F0
FFFEE700A3000000
5C206C405B3F34F0
48314E7050644CC0
555800E05C207C40
FFFEE6E0A3000000
50644CC05C202C40
5C203C404BD00E00
5C20AE405C20BE40
4BD1410054000040
FFFEEEA0A3000000
5C20AC4050644EC0
5B3F70F05C20BE40
540004705B304C00
540001705B3F97F0
6280000C5B3F52F0
A300000054000070
4BD00B00FFFF024C
44600CC45B3F8CF0
55580CC05F3F8CF0
5B3EFDF05B3F6EF0
5F3F6EF044200EED
4BD0E00074208BC0
8BD002004BD14100
A300000000000280
4C1000C0FFFEFF2C
000000FF8BD00B00
54000EC061480081
4C1130C059209CC0
5400075061400083
55580CC05B3F8CF0
5B3F15F05B3010E0
4640045C5F3F2CF0
4BD1420054000160
A3000000540006E0
5F3F96F00000380C
5F3F3CF05B301C60
5F3F44F04C100050
54000A4061480045
5B3FB6F054000570
5558075059209C60
44600EC5758058C7
55580DA055580EE0
744005C7464004DE
4BD005005B300660
610000324BD00C00
5F3FA5F05F3FBAF0
A30000004BD06000
742026C0FFFEF77C
5B301C60540005C0
64C00E0044200CC7
540001404BD00000
540003504BD41200
5F303CE05F3044E0
FFFF0294A3000000
540007C0742015C0
A300000054000060
5F304650FFFF071C
000001608B800C00
5B3F90F05F303C50
A300000054000170
5B3FBAF0FFFF075C
55580CA044600AA4
4BD00A00747FDAC0
5B3FA5F04BD00C00
4BD060006100000B
A300000054000150
5B3F90F0FFFEF72C
FFFF00B0A3000000
5B3FA5F04BD01C00
746028C05B3FBAF0
747FC1C055580CA0
5400057061000004
5B3FB6F05B3FA4F0
89000DC05B3F6CF0
5B3F7CF000001FFF
522680D059230EC0
4C1000C05B3EECF0
614C000254000C00
5F3FB6F054000CD0
5B3F2DF0483ECEE0
5B3F06F04C0000ED
612BFF5B5B3F47F0
6103FF59540000C0
6100000E4BD00B00
000052B28B800000
00003B328B800100
000042B88B800300
0000032D8BD00200
0000109CA3000000
8BD00B0061000000
55080CB0000000FF
5B3FD6F05B3FC7F0
5B3FF4F05B3FE5F0
8B80000066800000
8B80010000005266
8B80030000003AE6
8BD002000000463E
A300000000000325
6C00000000001050
11F0000061000000
11F0000011F00000
5F3FF4F066000004
5400040074200C00
742003005B304000
FFFEFF88A3000000
540001404BD06000
FFFEF5E8A3000000
668000005B3FF4F0
000051F28B800000
00003A728B800100
0000416A8B800300
000002CE8BD00200
00000FDCA3000000
6600000661000000
5F3FE5F05F3FF4F0
59209C005F3FD6F0
613800454C10F0C0
5820DDC05B301C00
5820CEC058217B00
746004B050244DD0
57880BB05826CB10
58000BC05C217B00
454004DE49001AB0
746008B174201BA0
746018E058201EC0
4C15E0C058202CC0
614800114BD10C00
8B800E0061000013
5400050000005244
54000610540000C0
4BD06200540001E0
000034C0A3000000
5400005054000160
000000008C1800C0
4BD08C00614C0005
45400CEC58215E00
8C1000405C215C00
6148001100000608
614C00194C108040
49008CC058269C10
54000400742016C0
4BD0E10054000510
FFFF0278A3000000
74600FC054000040
A300000054000150
6100000DFFFFE124
49008CC058269C10
54000400742008C0
4BD0E10054000510
FFFF0240A3000000
742008C054000040
FFFEFE10A3000000
5B3FD6F04BD00C00
5B3FF4F05B3FE5F0
5400015066800000
FFFFCF40A3000000
11F000006103FFF8
5F3FF4F066000009
5F3FD6F05F3FE5F0
5F3FB3F05F3FC7F0
5400041054000720
540005005B305CF0
A3000000540000C0
540006C0FFFEE1EC
4BD0E10054000040
FFFF0120A3000000
8BD00C004C1000C0
614C0016000000FE
5B3017405F3FA7F0
5C20DC7050644C60
540000705C20C670
4BD062005B3FB1F0
000033B8A3000000
5B3FA1F048306070
A30000004BD06200
58268C50000033A4
5B305C5074600BC6
5400014054000050
55080CC06280000C
5B3FD6F05B3FC7F0
5B3FF4F05B3FE5F0
8B80000066800000
8B80010000004FA6
8B800300000046AD
8BD00200000040A6
A30000000000013B
6C00000000000D90
6600000061000000
F00F0040CBC00C00
5B300CC000000000
11F0000066800000
5F3FF4F066000007
5F3FD6F05F3FE5F0
540004005F3FC7F0
F0061010CBC00600
6C00000000000000
6C0000006C000000
49001CC05A000C60
4BD005004C1000C0
CBC00C006148004A
00000000F0061000
CBC00C005A0007C0
00000000F0061004
88300EC05A000CC0
8C1800E0FFFFF7FF
6138003BFFFFF80D
4BD00000555801C0
000001828BD00200
FFFEF968A3000000
5025CE70742034C0
F008000088300EE0
4BD00D0055600EE0
6100000554000BC0
5B300BB059209AB0
742028B044200DDA
5B301AB0556009D0
4540089A442009E9
592098B049003080
5061408074601F00
5400019074200A00
6C000000540002A0
5E0003205A000310
4830422057C80000
747FFB0048304110
743FE90049003080
0000FFFC89000080
6C0000006C000000
442002A044200190
5800011057880000
5C0001204C000008
6103FFDD613BFFFA
5C0000A058000090
57880AA057C80880
747FFB8057880990
540005C06103FFD6
5E000C604BD01C00
5B303C4074200A50
5400014054000050
743FADC06280000C
A300000054000050
6103FFA9FFFEFB4C
5B3FD6F05B3FC7F0
5B3FF4F05B3FE5F0
11F0000066800000
11F0000011F00000
7420210066000003
000049968B800C00
000030658BD00E00
5D235E005F30BC00
FFFFD1108B800C00
000000988B800E00
5F305E005F304C00
48362C004BD06B00
8B800D004BD00E00
5C268B00000032BC
44200ACE44200BDE
58000BB057880EE0
5C000BA04C1060E0
8BD00E00614FFFFA
4BD0ED00000005DC
5D230E004BD00C00
668000005C269D00
00004D228B800000
00003A578B800100
000046928B800300
000000A58BD00200
00000B0CA3000000
11F0000061000000
11F0000011F00000
59208C1066000000
000008008C1000C0
000000FE8BD00C00
CBC00C006144004C
00000000F006101C
6C0000006C000000
743FFFE05A000EC0
4BD00C0074203510
F0081000CBC00E00
54000D1000000000
6C00000061000008
6C0000006C000000
5B300DD059209BD0
742028D044200CCB
5B301BD055600AC0
454009AB44200AAE
592099D049003890
5061489074601F80
540000B074200A80
6C000000540002A0
5E0003205A000300
4830422057C80880
747FFB8048304000
743FE98049003890
0000FFFC89000890
6C0000006C000000
442002A8442000B8
5800000057880880
5C0000204C000089
6103FFDD613BFFFA
5C0008A0580008B0
57880AA057C80990
747FFB9057880BB0
CBC00E006103FFD6
00000000F0061024
5E000CE04BD00C00
CBC00D0059208E10
00000000F0061028
F0061018CBC00B00
4BD01A0000000000
5E000AB05E000ED0
6680000055080CC0
040000008BD00200
4C1000004BD00300
5B30042061480007
482082205F300430
4860800048208330
8BD005006103FFF9
4BD08600F0050000
8BD007005E200650
6500007008000000
11F0000060800001
5F3FF4F06600000D
5F3FD6F05F3FE5F0
8B8000005F3FC7F0
A3000000000039F0
CBC0050000000938
00000000F0030010
1E1100008BD00C00
A30000005E000C50
A3000000FFFEDAE4
4BD00C00FFFEE664
5E2F6CF05E2F7CF0
8B800E005E2F5CF0
64C00D00FFFFF928
8B800E005F305ED0
8B800400FFFFFD34
483DC1F000033724
483D43F0483D82F0
5F304ED054000040
A30000005F303CD0
54000040FFFEEF2C
FFFEF454A3000000
000002B48B800100
A300000054000040
54000040FFFEF480
FFFEF448A3000000
000035068B800000
00000884A3000000
D8C90000CBC00C00
5E000C5000000000
A300000054000040
CBC00600FFFFA334
00000000F00F0040
000337108B800500
5A000E505B300C60
883007C074600DE0
6C00000000002710
75C008C75B300C60
A300000054000040
A3000000FFFFFAC4
5A000C50FFFF8B9C
5A000C50743FF8C0
8B800000746019C0
A30000000000363C
8B80040000000800
540000400003363C
FFFFB59CA3000000
3B44A8C08BD00C00
8BD00C005E2F4CF0
8BD00E0000FFFFFF
5E2F3CF00144A8C0
483D01F05E2F2EF0
483C83F0483CC2F0
A300000054000040
A3000000FFFEF17C
74200DC0FFFF2A5C
8B800100540004C0
540000C000004A74
000013888BD00200
FFFF1B60A3000000
8B80000074204CC0
61000003000032F3
000049528B800000
00000764A3000000
00002F628B800000
00000754A3000000
000335908B800400
FFFFFDEC8B800500
6C0000006100000F
CBC00E0048307CC0
00000001FFFFFFF8
CBC00C00450000CE
00000000F0050000
5E000EC04BD08E00
07FF00008BD00C00
540000406280000C
FFFFF998A3000000
FFFF8A70A3000000
000335AC8B800C00
743FF8C05A000CC0
5B300E605B300C60
75C00AE7483647C0
6C0000006C000000
A300000054000040
A3000000FFFFF95C
5B300C60FFFF8A34
8B800700759FFAC7
5A0001700003356C
000039D38B800000
00000694A3000000
8B800C005A000170
5A000CC000033550
FFFFFCD88B800E00
8BD00D0075DFD0E5
6C00000007FF0000
5E000BD05A000BE0
48304DD048304EE0
6103FFC7759FFCE5
8BD0010054000040
A3000000000000FF
74200DC0FFFF1BC4
0000007C8B800100
A3000000540000C0
8B800000FFFF2940
8BD00100000031AC
A300000000001388
6103FFAB00000610
000034608B800000
660000036103FFA6
742009005A202000
FFFED9A0A3000000
F0030010CBC00D00
4BD01E0000000000
610000025E000CD0
8B800C004BD00E00
5E000EC000033484
6600000466800000
4C1000105F3FF4F0
000000FA8BD00400
7460182061480019
000334688B800C00
8B800E004BD00400
5E0004C000033460
8B800C005E0004E0
8B800E0000033454
5E0004C000033440
8B800C005E0004E0
5400001000000034
A3000000540001C0
8B800000FFFF2824
A300000000003130
55080C4000000548
668000005B3FF4F0
5F3FF4F06600000D
5F3FD6F05F3FE5F0
4C1000205F3FC7F0
614801295F3F81F0
8B80060074612830
5F3F62F0000333E8
483D81F06100001F
5C2D8CF04BD01C00
5C201C104BD00C00
5C203C105C202C10
5C205C105C204C10
5C207C105C206C10
540000405B3F84F0
4BD013004BD08200
FFFF5630A3000000
A300000054000040
4BD02500FFFF6B44
000333788B800C00
6C0000005E0005C0
6C0000006C000000
5B3002205B3F72F0
5F3F72F074210E20
743FFB5059209520
5B3014C05B3F7CF0
6C0000006100002B
6C0000006C000000
0003332C8B800C00
A8800C105A0001C0
50254E60000003E8
5F3F9CF069000CCE
000333088B800C00
556003705A0002C0
00003B858B800000
0000042CA3000000
556002C05B3F9CF0
000034E78B800000
A300000054000160
8B80060000000410
4BD02C00000332D4
8B800C005E000C60
4BD01E00000332B8
8B8006005E000EC0
5B3FA9F0000332C0
4420044944600559
000000008C180050
8B800C00614BFFCE
5A000CC000033294
747FC9C0742056C1
000332848B800C00
4BD0CE005A000CC0
55600EE044600EEC
464007DE55600D50
540001404420006C
A300000054000270
5400097000002944
0003324C8B800E00
44200CC75A000CE0
0000000C8C1800C0
614FFFE15E000CE0
58000E6058201C60
58202D6050244CC0
50284ED045400CCE
45400CCE58203D60
45400CCE502C4ED0
54454E4B8C1800C0
58205C60614FFF8B
50244CC058204E60
45400CCE58206D60
58207D6050284ED0
58209E6045400CCE
58208B60502C4DD0
5820AA6050244EE0
45400EEB45400CCD
5820BB6050284DA0
8B800D0045400EED
5E000CD0000331A8
88300CC0502C4DB0
45400EEDFF000000
FF0000008C1800C0
000331808B800C00
8B800C005E000EC0
4BD00E0000033184
614000765E000EC0
F00F0040CBC00C00
5B300CC000000000
000331708B800E00
4BD01C005F300CE0
000331488B800E00
6103FFA55E000CE0
6C0000006C000000
0003312C8B800C00
8B8006005A000CC0
5A000E600003312C
55600CC044600CCE
464007DC55600D50
04000000883000E0
5400027054000140
000027E8A3000000
5A000C6054000970
5E000C6044200CC7
F0030010CBC00E00
5E000CE000000000
8B800C005A000E60
5A000CC0000330C8
5F3FA9F0744048EC
4BD007004C1040C0
4BD00E006138001E
6C0000006C000000
55600BE057880DE0
98200BB055600DD0
98200DD004000000
48302AE004000000
50244DD055600AA0
0400000098200AA0
45400DDB483039E0
50284AA055600B90
0400000098200BB0
502C4BB045400DDA
442007D745400DDB
48304EE048308DE0
6143FFE74C0800DC
F0030010CBC00C00
5E0007C000000000
4BD00C00483D81F0
5C201C105C2D8CF0
5C203C105C202C10
5C20471050644C70
50684C705C205C10
5C206C10506C4E70
5B3F86F05C207E10
4BD0820054000060
A30000004BD01300
54000060FFFF5284
FFFF6798A3000000
F00F0040CBC00C00
5B300CC000000000
00032FD88B800E00
4C0000CE5B300EE0
614BFF1F4BD01600
6103FF1D446006CE
00032FAC8B800600
483D81F06103FF3C
5C2D85F04BD02500
5C201C104BD00C00
5C203C105C202C10
5C205C105C204C10
5C207C105C206C10
540000405B3F84F0
4BD013004BD08200
FFFF51F8A3000000
A300000054000040
6103FEF3FFFF670C
5400002074200420
FFFEEFD8A3000000
A30000005B3F80F0
61000010FFFF0BA0
592081405B3F64F0
540000505B3F85F0
FFFF18B0A3000000
52208CC059215C50
540000505D215C50
FFFF66B8A3000000
A300000054000040
4BD00C00FFFEEF8C
5B3FD6F05B3FC7F0
5B3FF4F05B3FE5F0
6600000466800000
000048888B800E00
5F3043F054000C00
5F3021F05F3032F0
5B3000E0483102F0
5F3FF2F0540001C0
00000010A3000000
11F0000066800000
5F3FF4F066000023
5F3FD6F05F3FE5F0
5F3FB2F05F3FC7F0
58202C005F3F50F0
49002CC05B301E00
746005C05F3F4EF0
FFFFFFFFCBC00C00
610004CA00000000
5B3FBCF0483B8EF0
5F3F31F05F3F01F0
5F3EFEF048305DE0
57C80DE05F3EEDF0
5F3EDEF048306EE0
5F3F2DF04BD00E00
5F3FACF05F3F6EF0
58000BD05B3F3DF0
614800074C1250B0
7424B6B05B3F6CF0
61000008578807D0
6C0000006C000000
483027D058201ED0
614C000D4C1250E0
57880CC05B3F6CF0
550800B05B3F51F0
5B3F4CF05F3F6CF0
8C1800C06280000C
5F3F37F000000000
6100049B612FFFE8
4BD00C004BD00A00
4BD004004BD00200
5558074054000D70
540006C0550805E0
6144000B4C11F070
4C12A0C055480CE0
4C1200C061340014
4C1230C061480058
4C1270C061480058
610000036148008A
614400134C17F070
4C1090C0483D0C50
4C14007061440016
A8800E60613C0032
522284400000000A
6100007E44200CCE
614800444C12B0C0
614800474C12D0C0
614FFFF14C1300C0
6100007552200440
4C16B0C055480CE0
4C14C0C061340010
61000049614C001A
4C1670C055480CE0
4C16B0C061300020
4C16C0C061300014
4C1740C06148000C
4C17A0C061480014
6100007261480012
6148000F4C17A0C0
6148000D4C1740C0
614C006C4C16C0C0
89000CC050214C40
45400C4C00000200
61000057522384C0
614800254C1680C0
614C00624C16A0C0
6100005152238440
0000000AA8800EA0
6100004D44200ACE
613400214C12D0C0
614800264C1240C0
614C00564C12A0C0
000000008C180020
5B3FACF0614C0044
4BD002004BDF8E00
45000CCE48307CC0
4C13F07048308EC0
5B300CC05F3FAEF0
5222844061440044
5220844061000039
6100003552210440
6100003352220440
6100003152218440
89000CC05020CC40
45400C4C00000200
6100002B522404C0
614800264C12E0C0
614C00364C14C0C0
0000028089400440
8C18002061000024
6148002600000000
5F3F3DF05F3F12F0
540002604C140070
5F3FACF05B3FBCF0
540002A061380002
483D01F05B3F00F0
A3000000540005A0
5B3FACF000001084
54000A504BDF8E00
45000CCE48307CC0
4C14007048308EC0
5B300CC05F3FAEF0
54000AC061380002
5B3F12F05B3F3DF0
613C00054C140070
4C13F07061000005
522304406144040C
58000ED054000C60
747F65E0578807D0
4BD00A0061000008
540002604BD00C00
6103FFF84BD00400
6103FFF554000AC0
540006C04BD00500
8C18002054000D70
5F3F3DF000000000
5B3FBCF061480009
540007A0483D01F0
5B3F00F05F3FACF0
00000FD0A3000000
55200CA054000A70
5263044074E002C0
74E002E055200E60
4BD00D0052218440
460009CD54C807E0
55200B7052228C50
5F3F1BF04C1610C0
4839BEC061480010
55600E5076200EE2
613000344C16E0E0
613400474C1720E0
614800F24C16F0E0
614C00EA4C1700E0
4BD7850049490440
610000EE4BD10200
4BDF8D005B3FAEF0
48307EE0446006C5
48308DE045000EED
5F3FADF04C1610C0
614C00135B3000E0
4BDFF70049040C40
54000790742002C0
483B81F055480360
A300000054000270
57880CC00000124C
7540027E55480EC0
8940044057C807E0
4BD7050000001800
610000434BD01E00
4BD0670049040E40
54000790742002E0
614800264C1660C0
4C1650E055600EC0
57880E70614C0029
4BD6550052260440
4C1630E06100002B
4C1640E0614800AF
4C1690E061480003
49080C40614C00B7
5B3FACF0746112C0
48307CC04BDF8E00
55580C4045000ECE
5F3FADF048308DE0
0000010089000DC0
7461EAD05B300EE0
6100010C55200CE0
614800DB4C1730E0
614C00A44C1750E0
0000FFEF89000440
4BD0A2004BD75500
52268440610000A7
4BD013004BD66500
54000C704BD11E00
55480E7061000009
4BD01E004C1000E0
54000E7061480002
4BD00C00483FE5C0
55480EE04BD00300
483B81F04BD11D00
64C00E00464002ED
A30000005F303CE0
4BD02E00000012A4
5B3F18F0483B81F0
4BD009004BD2D000
49001BD058204D10
49002B40746009B0
746006B04BD2B000
49004AB055580B40
4C2009A95021CBB0
4900CDD0490200B0
4C100090742022D0
614C00024BD03C00
4C00008C4BD04C00
614000194BD00500
74602CE049008E40
446004C854000710
5F3E80F05F3E79F0
5B3F4CF05B3F51F0
6280000C4BD20000
000000008C1800C0
55600C4061280344
578804C05B3F6EF0
55600C4057880EE0
741FF3C45F3F6EF0
5B3E79F05B3E80F0
540001704BD00500
6100002174201790
483F6DB05AAEEBF0
FFFFFFED8C1800D0
613800024BD02D00
4839CEB054000DE0
8C1800E04BD03A00
5F3E2EF0FFFFFF39
54000AD061380002
0000300089000E40
5F3EBCF0742029E0
4460058C610001A1
5400041074600C90
5B3F4CF05B3F51F0
8C1800C06280000C
6128031B00000000
540001405B3F6CF0
5F3F6CF057880CC0
8B80040058204C10
49008CC0000029B7
8B800400742004C0
6C0000000000379F
74200EC058000C40
44600CC65B3F6EF0
578804405B3F51F0
5B3F4CF0550800C0
5F3F6EF057880EE0
8C1800C06280000C
612FFFF300000000
54000D5061000300
55480EC0610002E2
4BD00E004C1000E0
614801615F3EBEF0
6C0000006C000000
44200E1E55480EC0
4C1300E058204EE0
57C80CC0614C0159
747FF9E055480EC0
5B3FACF061000156
4BD016004BDF8E00
45000CCE48307CC0
5F3FAEF048308EC0
5B3EFEF05B300CC0
5C2B8CF05F3ECEF0
4C1780C06100004B
8BD00C00614C0117
446002C500000088
4BD0050061000003
49080C404BD08200
0000FFF989000640
5B3FACF074600DC0
48307CC04BDF8E00
48308EC045000CCE
89000E605F3FAEF0
5B300CC000000100
556000C07460FEE0
5B3FACF061000008
48307CC04BDF8E00
48308EC045000CCE
5B3000C05F3FAEF0
4BDE9C0074600300
74200A004500064C
540007905B3EF4F0
A300000054000140
5B3F1BF000000DE4
446004C454000970
49040C4061000056
8C1800A0743FF6C0
612FFFF300000001
0000FFE989000640
6100004D4BD00400
4BDF8E005B3FACF0
000039E08B800500
45000CCE48307CC0
5F3FAEF048308EC0
742002C05B300CC0
49040C40540005C0
742002C04BDFF100
5400005054000190
A30000005F3EC5F0
5B3F1BF000001DF4
49008C40540006C0
5B3F6CF07460E0C0
54000B7075C0DF6B
5B3F51F0540004C0
4BD200005B3F4CF0
6280000C540005B0
000000008C1800C0
57C807706128028A
57C80B5057880C40
610000D0759FF467
4BDF8E005B3FACF0
45000CCE48307CC0
5F3FAEF048308EC0
540007905B300CC0
52250E4074E004C0
61000003746010C0
74600DC054000E40
74200BD049040D40
000000018C1800A0
5B3F1BF0612C0008
0000FFEE89000640
4BD00C004BD00400
6100001954000970
54C800C05B3EF4F0
526206E04BD0A200
A300000054000140
5B3F1BF000000C8C
54000970446004C4
74200CC049040C60
89000C6055200E40
74C007E90000FFFE
4BDEEC0074600350
540006C045000C6C
6100000354000C90
54000C40540006C0
5558076049010A60
89000E70746006A0
4BD00D0000000406
610000054C600EED
4BD01E004C100050
4BD02E0061480002
442806EC49008D70
49001C7074601FD0
4C0000B6742008C0
6130000554000940
446009C644200C4B
61000016540006B0
446006B6750015B6
5F3EC9F05F3EBAF0
5B3F4CF05B3F51F0
6280000C4BD20000
000000008C1800C0
5B3F6CF061280230
57880CC057C80660
000000008C180060
614FFFF35F3F6CF0
5B3EC9F05B3F16F0
746018A05B3EBAF0
0000040689000C70
49002C7074202CC0
742002C04BD20000
89000C704BD2B000
5400059000000400
4BD2D000742002C0
5B3F4CF05B3F51F0
8C1800C06280000C
6128021300000000
540009505B3F6CF0
5F3F6CF057880CC0
5B3F51F061000018
4BD300005B3F4CF0
6280000C54000790
000000008C1800C0
74200B5061280206
5B3F4CF05B3F51F0
6280000C54000050
000000008C1800C0
5B3F6CF0612801FE
6100000348302CC0
57880CC05B3F6CF0
540009705F3F6CF0
540007904C080094
6130000C54000590
5B3F4CF05B3F51F0
6280000C4BD30000
000000008C1800C0
57C80C50612801EC
4C0800C4552005C0
5B3F1EF06137FFF6
5520054055200C70
44600DE646000C5C
44200EEC5B3F6EF0
000000008C180040
614801C15F3F6EF0
6C000000540004D0
5B3F51F05B3F2CF0
58A000C044200CC5
6280000C5B3F4CF0
000000008C1800C0
57C80550612801D2
6100002C610FFFF6
0000020089000E60
555800C0746031E0
5B3F51F06103FF08
4BD250005B3F4CF0
8C1800C06280000C
612801C300000000
5B3F4CF05B3F51F0
6280000C54000050
000000008C1800C0
5B3F6CF0612801BC
48302CC04BD00400
610001AF5F3F6CF0
44200CC65B3F6CF0
4C100060446004B6
5B3ECCF05F3F6CF0
6C0000006148000D
58A000C0540005C0
5B3F4CF05B3F51F0
8C1800C06280000C
612801A700000000
57880C5057C80660
54000D40747FF660
89000DC061000186
55600CE000000200
55180CC0746119D0
554800C06103FF1F
5F3EBCF06103FED8
4BD01D0055600C70
46800CCD55580E40
55200EC049010DE0
5B3EBCF0746004D0
6100000255480CC0
74A009BC54000CE0
5226844074C008BE
4C0800BC4BD00700
54880EB0612C0005
61000002442007CE
89000C4057C807C0
88300EB000002000
55580240FFFFFC18
5F3E9CF04C1000C0
614C000E5F3E4EF0
0000080089000C20
4BD03C004C1000C0
4BD05C0061480002
FFFFF8318C1800E0
613800024BD04E00
44200CCE55480EA0
4BD00C0061000004
57880CC046000CBC
5F3EABF057880E70
000000008C180070
614C00035F3E3EF0
49001EE050624E20
44200BED52A00D90
4C08008B44200BBC
4460048B61300003
4BD0040061000002
5F3EC2F049009B20
5F3E1AF05F3E55F0
8C18004074601FB0
6148001C00000000
5400051044200CEC
5F3E80F05F3E79F0
446004C844200CCD
6C0000006C000000
5B3F4CF05B3F51F0
6280000C4BD20000
000000008C1800C0
55600C4061280144
578804C05B3F6EF0
55600C4057880EE0
741FF3C45F3F6EF0
5B3E79F05B3E80F0
4BD004005B3EC2F0
4C10009054000150
614800035F3E61F0
6100000A5B3F65F0
5B3F4CF05B3F51F0
8C1800C06280000C
6128012D00000000
5B3EC2F05B3F65F0
89000C2057880550
742013C000000800
5B3F4CF05B3F51F0
6280000C4BD30000
000000008C1800C0
4BD78C0061280120
44600CC65B3F51F0
5B3F4CF0550800C0
8C1800C06280000C
6128011700000000
483025505B3EC2F0
746011C049008C20
000000008C180040
442005456148000E
5B3F4CF05B3F51F0
6280000C4BD30000
000000008C1800C0
57C8044061280108
000000008C180040
4BD00400614FFFF6
5F3F14F05B3E9CF0
5B3E6CF04C1000C0
58A050C0614C002D
5B3F4CF05B3F51F0
8C1800C06280000C
612800F700000000
000000018C180070
5B3F51F06128006A
4BD2E0005B3F4CF0
8C1800C06280000C
612800ED00000000
54000C705B3EBEF0
554807E044200CC5
48302CC05B3E3EF0
5F3F6CF055600EE0
57C805E04BD00C00
4BD30E00578804C0
5B3EDEF075C00447
58000EC044200CEC
5B3F4CF05B3F51F0
6280000C550800E0
000000008C1800C0
4C000054612800D6
614FFFF154000C40
5B3EAEF061000058
5B3EBDF04BD00C00
54480C70460006EC
552007C055480DD0
5F3F6DF0446004E6
6C0000006C000000
FFFFFFFF8C180060
5B3F51F0614C0009
4BD2E0005B3F4CF0
8C1800C06280000C
612800BD00000000
8C18004057880550
4BD30C0000000000
5B3F6DF061280008
74C005ED55200E40
55600C405B3EEEF0
58000CC044200CEC
6130000C4C080067
5B3F51F0550800C0
57C806605B3F4CF0
6280000C57880550
8C1800C057880440
612FFFDF00000000
550800C0610000A4
5B3F4CF05B3F51F0
8C1800C06280000C
6128009D00000000
49010EC05B3ECCF0
74207BE057880C50
000000008C180060
5B3F51F0614C0078
483025505B3F4CF0
5F3F65F04BD2E000
8C1800C06280000C
6130008BFFFFFFFF
6100006F5B3F1DF0
49010CC05B3ECCF0
57880C50746005C0
55080CC06100000B
5B3F51F06103FE07
4BD2E0005B3F4CF0
8C1800C06280000C
6128007D00000000
5F3F6CF048302C50
5B3F51F05B3E5CF0
550800C044600CC6
6280000C5B3F4CF0
000000008C1800C0
5B3EACF061280072
74A002C04BD2D000
5B3F51F04BD2B000
6280000C5B3F4CF0
000000008C1800C0
5B3EACF061280068
5B3E4CF054C805C0
FFFFF8308C1800C0
55600C5061440013
A8800CC05B3F51F0
507344C010624DD3
550800C048330C40
6280000C5B3F4CF0
000000008C1800C0
5B3F6EF061280056
000003E8A8800C40
483034E04460055C
5B3F6CF061000007
5B3E2CF0483024C0
FFFFFF388C1800C0
55600C5061440044
A8800CC05B3F51F0
5072C6C051EB851F
550800C048330C60
6280000C5B3F4CF0
000000008C1800C0
A8800C606128003E
5788044000000064
55600C504460055C
CCCCCCCDCBC00E00
5B3F51F000000000
5071C6C068800CCE
550800C048330C60
6280000C5B3F4CF0
000000008C1800C0
A8800C606128002C
578804400000000A
48330C504460055C
550800C05B3F51F0
6280000C5B3F4CF0
000000008C1800C0
57880C4061280020
5F3F6CF05B3F1DF0
000000018C1800D0
612800114BD00400
6C000000578805D0
5B3F4CF05B3F51F0
6280000C4BD20000
000000008C1800C0
5B3F6CF061280010
FFFFFFFF88380550
4C10205057880CC0
612FFFF35F3F6CF0
61000007743B5440
55480CC05B3E1CF0
6103FFDC75FFCBC2
6103FFF94BD01400
58202CE05B3F5EF0
CBC00C0052210DC0
00000000FFFFFFFF
5B3FC7F05C202DE0
5B3FE5F05B3FD6F0
668000005B3FF4F0
6103FFFA5B3F6CF0
8C18002066000004
5F3FF4F000000002
5F3FD6F05F3FE5F0
612800A25F3FC7F0
CBC00E004BD01C00
0001288900000000
4BD01B004BDF8D00
6100000654000900
4830279058201690
4C12506054000970
58000A90614C0007
614BFFF94C1250A0
747FFCA057880990
4BD004006100008F
4BD00A004BD00800
4C16A0506100000C
6C000000614C0069
6C0000006C000000
5400054052238AA0
5788079058000690
74205E6054000450
55080360555805A0
4C11F05054000970
554805606144000A
614400094C130050
4500055E500045C5
61000005747FF150
6C0000006C000000
6144000B4C17F050
4C109050483D0530
A880034061440010
52228AA00000000A
6103FFE544200553
6C0000006C000000
4C16B05055480560
4C14C05061340012
4C16805061480027
6100002C614FFFD5
4C16706055480660
4C16B06061300015
4C16C06061300022
4C1740606148000C
4C17A060614BFFD0
61000032614BFFCE
614BFFCB4C17A050
614BFFC94C174050
614C002C4C16C050
89000330502143A0
45400AA300000200
4C12D0606103FFC2
613400064BD00500
614800164C124060
614BFFBD4C12A060
4C12E0606100001F
4C14C060614BFFBA
89400AA0614C001B
6103FFB400000280
614800044C168060
614BFFAF4C16A060
5020C3A061000013
0000020089000330
52240AA045400AA3
8C1800806103FFA9
614C000300000000
6103FFA554000840
614FFFA34C08004B
540008B04BD63300
4BD0030061000003
8C18008054000970
6148001E00000000
614C001A4C08008B
4C16109052228930
4839B99061480010
5560093076200E92
613400054C168090
614800094C163090
610000054C164090
614800034C169090
614800034C173090
4C1000A049080AA0
57880BB05B300A10
48307AA054000900
48308AA045000AAD
4C0800B25F300A10
5B3FC7F0612BFF6D
5B3FE5F05B3FD6F0
668000005B3FF4F0
11F0000011F00000
502C4C2066000000
370000008BD00E00
4901FE2044600CEC
506C4DC055600CC0
6C0000006100000C
6C0000006C000000
48330AC044200CAC
4C00000E57880C10
5C000A10540000B0
61380009540001C0
54000AD069000B0E
44600C0C68800CBE
6147FFF34C1090C0
6103FFF14BD00A00
11F0000066800000
11F0000011F00000
CBC00C0066000000
000FFFFFFFFFFFFF
507FCD00507A4E00
89000AE045000C0C
5C204D10000007FF
614C00054C1000C0
4C1000A04BD00B00
614800164BD00E00
000007FF8C1000A0
4C1000C0614C0009
614C00024BD08C00
45400ECD4BD04C00
5C204E104BD00C00
742005A066800000
FFFFFC0188300BA0
61000005746005A0
FFFFFC028BD00B00
523A0CC0742002A0
8C18002054000EC0
5E000B1000000000
8C1800206128001B
4BD0DC000000000C
50214D2061440018
4BD02B004BD33C00
55600CC044600CCD
4BD01B0050004ABC
50004BBC57C809A0
450009E954480CA0
4BD34A007640079B
55600DD044600DAD
49001DD050404DED
44200EEB742002D0
54000C2045000EEC
4BD00C0061000002
4BD12B004BD27D00
44600DD34BD0DA00
6C0000006100000D
6C0000006C000000
4833088055200CA0
46000CC94420001B
57C80BB05C000800
57C80AA050624EE0
4900F8E074200AB4
74600380552009C0
755FF809483FB0B0
6143FFF14C109080
6103FFEF4420088D
11F0000066800000
CBC00C0066000013
000FFFFFFFFFFFFF
5F3FF4F0507A4E00
5F3FD6F05F3FE5F0
507FCD005F3FC7F0
45000C0C5B305BF0
000007FF89000EE0
746009E074600AC0
52208ED04BD30C00
5C204E105C205C10
4BD01C004BD00E00
6100020F5E000E10
000007FF8C1000E0
4C1000C0614C0008
614800024BD04C00
45400ECD4BD08C00
610002044BD00C00
55600DE05F3F4DF0
54000BC05F3F1BF0
523A0BC0742002D0
8BD007004C1000D0
61480003FFFFFBCC
FFFFFBCB883007E0
49001AB04BD00E00
5F3F82F05F3F73F0
4C600CCE5F3F51F0
5F3F6AF04BD02E00
50214DB04DA00EDE
5F3F2DF045400CCE
000000008C180070
6128002A5F3F3CF0
A300000054000070
55600E70000007B0
4E600EED4BD03D00
54000060446006CE
000007CCA3000000
54000060483D04F0
54000140540005C0
000009C8A3000000
5B3F22F05B3FAEF0
446009675B301A40
442009955F3F96F0
5400052052208020
68800CA04833C990
68400BA068400DE0
483C019055600990
4DA00DCD44200CDC
4BD3FB0044200DBD
74E03310446008B9
50404CC95020CDD0
454007CD50004DD8
544804706100002F
5F3F97F055600670
A300000054000040
CBC00E000000071C
00000000FFFFFFFF
446005CE4C600E6E
5400004044600445
00000714A3000000
54000040483D07F0
54000170540006C0
00000768A3000000
5B3F20F05B3FACF0
5F3F05F05B301E70
68800BED52208D00
684009ED68400ACD
44600B5644200DAB
4DA00ADA54000500
44200B9A4833D8B0
4BD3F90055600A80
4460099A483C08A0
5020CBB074E04580
50004BB950404DDA
61000041454007DB
5B3F3CF0504047D1
54000C5054880DC0
44200D5D5F3F3DF0
684002ED68800BAD
44200D2B684003AD
5B3F72F04DA00BD2
5B3F83F044200B3B
5020CBB074E00610
50004BB850404DD9
61000002454004DB
68800DAC504044B1
68400AAC68400BEC
4DA00DEB44200EBD
74E0061044200DAD
50404EE95020CDD0
454006ED50004DD8
504046D161000002
4BD005005B3F9EF0
000000158C1800E0
CBC00E0061440016
6666666666666667
54000BC054480DC0
5060CEE068400ECE
FFFFFFFBA8800EE0
614C00454C0800ED
A3000000540000B0
5B3F9EF0000005F4
5B3F83F05B3F70F0
55600EE055600CC0
610000554DE00CCE
540000204BD00C00
504047B861000052
5B3F83F05B3F32F0
44200D5D54880D20
684000CD68800BED
44200D0B684001ED
5B3F70F04DA00BD0
74E0068044200B1B
50404DDA5020CBB0
454004DB50004BB9
504044B861000002
68400BC568800DE5
44200CBD68400EE5
44200EED4DA00DCB
5020CEE074E00680
50004EE950404CCA
61000002454006CE
5B3F0DF0504046E8
000000018C1800D0
5B3F6EF061440008
4C200CEC4BD00C00
450005C24460077E
610000194BD01C00
0000003E8C1800D0
614400144BD00C00
4BDFFE0055600CD0
54880CC050004CEC
4BD0050045000C5C
6100000D4C200CC5
74600FE05B3F6EF0
442000CB5B3F3CF0
000004D8A3000000
55600CC05B3F9EF0
4DE005CE55600EE0
4BD005006100000D
44200EDE5B3F9EF0
6100000B5F3F9EF0
000004A8A3000000
55600CC05B3F9EF0
4DE00CCE55600EE0
5B3F83F04460077C
4BD00C005B3F70F0
540009304C100000
4C10A06061480014
613800074BD01E00
6C0000004BD0AB00
0000000AA8800BB0
761FFDB657880EE0
5B3F9AF05B3F1BF0
8000000089000DB0
506FCDD044200BAB
46000EDE44280EBE
45C009DE55200D30
CBC00A004BD00300
CCCCCCCCCCCCCCCD
4BD008004BD00000
610000184BD00100
6C0000006C000000
68400D6A54000E10
FFFFFFF6A8800B20
5548000054480140
55600BB057880880
4C20000355600110
45000C0C4C200BB1
5061CDD0540001E0
A88004D04500055B
44200646FFFFFFF6
5400006054000420
68400E7A540006D0
5061C7E068400D4A
765FE7725061C2D0
4C10A0604BD01E00
613800074BD01B00
6C0000004BD0AD00
0000000AA8800DD0
761FFDD657880BB0
613000054C0800B9
45400DD655600D90
743FD8D04C200DD3
74201CE049001E50
FFFFFFF6A8800E20
55600EE054480D40
614C00164C0800ED
6C0000004BD00E00
54000D6068400B6A
5548030054000420
5061C6B057880880
A880026068400B2A
4420002DFFFFFFF6
5061C2B04C200D3E
A8800B2045000CCD
55600DB0FFFFFFF6
4C0800DB54480B40
55480D00614BFFEE
4BD00E005B3F60F0
54880CC04BD05B00
4C200E0E4C600BDB
45400CCB4C600064
45000EE545400B10
45400CC64BD04000
4E600DD045400EBE
52A00EE045000CCD
49001CE045400EEC
4BD01C004420006C
613800074C10A000
6C0000004BD0AD00
0000000AA8800DD0
761FFDD057880CC0
55200BC055200D90
4D600DBD5B3F51F0
5B3F9EF045000DED
5B3F88F044200E8E
5B3F7DF0746013D1
5B3F1DF0742008D0
44200DED4BD01B00
46000DDB44280DDC
45C009BD55200B80
5520099054000D90
613000064C0800CD
57880EE048305D00
68400DDA57C80CC0
55200D905061C0D0
55180EE055200CC0
55180CC045C00CCD
57C808E044200EEC
49003BC074A059C1
75A045C44BD00900
5F3F98F044200E1C
9999999ACBC00300
483058E019999999
890001C044200EC1
483042E07FFFFFFC
506147006840040A
5C28F5C3CBC00E00
CBC00D0028F5C28F
20C49BA5E353F7CF
684005435061C440
0000000AA8800640
4943066044600606
0000000AA8800550
CBC006005C000620
346DC5D63886594B
44600445483FC220
4BDFEE006840057E
5061CE004580079E
6840000649430440
4420078768400EED
5C00047050614550
5065C00068400D53
684004E350624EE0
0000000AA8800DD0
4BDFD50044600D5D
0000000AA8800440
49430DD045800595
4BDFC40044600EE4
4580049444200585
49430EE048304990
442004845C000D50
5C000E404C000019
5B3F51F0614FFFCA
742012B05B3F98F0
44200EE144600EC9
6C00000048304EE0
6C0000006C000000
57C80BB068400D0A
A88009D05061CDD0
446009090000000A
49430990540000D0
57C80EE05C0009E0
5B3F4EF0747FF6B0
5C204E105E000810
5B3FD6F05B3FC7F0
5B3FF4F05B3FE5F0
6600000066800000
00013441A8800C00
FFFC000089000CC0
6680000050694CC0
A8800C0066000000
89000CC0000B2EFB
506A4CC0FFF00000
6600000066800000
0012934FA8800C00
FFF8000089000CC0
57880CC05069CCC0
11F0000066800000
11F0000011F00000
CBC00C0066000000
00000000FFFFFFFF
CCCCCCCDCBC00E00
CBC00D00CCCCCCCC
3333333333333334
6C0000006C000000
57880CC06880000E
66800000759FFE0D
55600E006600000B
8B800D005F3FD6F0
5F3FF4F00000211C
5F3FC7F05F3FE5F0
4EC4EC4FA8800CE0
A88006C05071CCC0
50224CC00000001A
44200CDC55600B60
5B300EC0744004EB
610000505B301CC0
8B800D0044600E06
54000500000021A4
55600EE05F3FB1F0
5B6004DE5021CEE0
5B301CC05B300EC0
68400EE45F3F8EF0
5F3F9EF05F3FACF0
FFFFFF0CA3000000
540007C054000060
FFFFFEFCA3000000
4BD3FB0044600A7C
483C0ED055600DA0
5B3F8CF074E00BE0
446009BD5B3F90F0
5020C80068800CC4
50404CCD50004989
5400090045400CC9
5B3F99F061000003
5B3FA0F050404C9E
4BD00E004C1000E0
50404D9D612C0003
4BD00D0061000002
44600A9A4BD40900
55600AA068800904
74E00880483C08A0
44600BBA68400004
50404B1B5060C190
45400B0B5000400A
50004B9861000002
FFFFFFF089000050
74E002805B3FB1F0
50614A0050004E9A
000021788B800900
44200DBD44200CEC
5020C95044200A9A
4901E9905A000AA0
4DA009CE50404AA9
44200DD949003EA0
4DA00CEC44200ECE
5B3FC7F044200CDC
5B3FE5F05B3FD6F0
5F300E105B3FF4F0
668000005F301C10
48319C006600000A
540005005F3FE5F0
000021688B800E00
5F3FD6F05F3FF4F0
55600CC05F3FC7F0
4EC4EC4FA8800CC0
A88000C05071CCC0
50224CC00000001A
44200CEC55600D00
614C00044C0800D5
5B301CC05B300EC0
44600E0561000051
8B800D005B300BC0
5B301CC000001FEC
55600EE05F3FB1F0
5021CEE05F3FACF0
57C80EB05B6004DE
684007E45F3F9EF0
FFFFFD5CA3000000
540006C054000050
FFFFFD4CA3000000
4BD3FB0044600A6C
483C0CD055600DA0
5B3F9EF074E009C0
5020C870446009BD
68800EE450004989
45400EE950404EED
50404E7C61000002
4C1000C05B3FA0F0
612C00034BD00C00
6100000250404D7D
4BD409004BD00D00
6880090444600A9A
483C08A055600AA0
6840000474E00880
5060C19044600BBA
5000400A50404B1B
6100000245400B0B
8900005050004B98
5B3FB1F0FFFFFFF0
50004A9A74E00380
4BD00A0061000002
8B80080050614900
44200AEA00002114
4420098944200DDB
4DA00EAE5020C850
4901E8805A000990
5040499844200DDE
44200BA949003990
57880EB04DA00ABA
4C200CEC44200DDA
5B3FC7F044200CDC
5B3FE5F05B3FD6F0
5F300E105B3FF4F0
668000005F301C10
A300000066000003
89000CC000000014
668000007FFFFFFF
8B800E0066000000
CBC00D00000022CC
5851F42D4C957F2D
68800CCD5B300CE0
50704CD057880DC0
89000CC05F300DE0
668000007FFFFFFF
4C10002066000000
614800084BD00C00
58000D1058000E00
57C80220744006ED
5788011057880000
66800000747FFA20
6680000044600CED
11F0000011F00000
74201F2066000000
74201FD049003D20
54000E004BDFCC00
6C00000045000C2C
54000BE057C80DD0
5788011058000A10
4C1000D057880EE0
614FFFF95C000AB0
6C00000075A01024
6C0000006C000000
58201B1058000D10
483FCCC058202A10
58203D105C000DE0
5C202AE05C201BE0
5C203DE048304110
747FF5C048304EE0
6680000054000C00
54000C2054000E00
6103FFFB75FFF024
11F0000011F00000
74201A2066000000
54000E0049003D20
74200DD054000C20
54000E004BDFCC00
6C00000045000C2C
6C0000006C000000
54000BE057C80DD0
4C1000D057880EE0
614FFFFB5C0001B0
6C00000075A00924
5C0001E0483FCCC0
5C2021E05C2011E0
48304EE05C2031E0
54000C00747FFAC0
11F0000066800000
11F0000011F00000
4BD00C0066000000
6C0000006C000000
57880CC044200E0C
747FFDE058000EE0
6680000057C80CC0
11F0000011F00000
4C10001066000000
6148000B54000C00
54000C0044200E01
6C0000006C000000
742005D058000DC0
57880CC057C80110
54000CE0747FFC10
6680000044600CC0
656D010000CDAB00
203A656572665F6D
206C6167656C6C69
203A79726F6D656D
6620656C62756F64
5F6D656D00656572
746572206D697274
20722064656E7275
66666F0071203D21
3C206F745F746573
3E2D6F745F70203D
63656863006E656C
735F66756270206B
757365722070696B
725F70637400746C
203A657669656365
6374207165736F6F
72203E206E656C70
7400646E775F7663
696D7865725F7063
6F635F6F74725F74
6E69203A74696D6D
63702064696C6176
6F6274656E0A0062
796461657220746F
6E6573209480E220
616D69206E612064
2068746977206567
63737375616C6B60
2D74656E2D2D2063
0A0A2E6064616F6C
6972745F6D656D00
6E6F206E6163206D
6E6972687320796C
79726F6D656D206B
6F6C735F70637400
4954203A726D7477
20544941572D454D
6174733E2D626370
4954203D3D206574
00544941572D454D
6573207165736F6F
6C2073746E656D67
7400676E696B6165
69656365725F7063
6D676573203A6576
20746F6E20746E65
2064656D6D697274
6C74636572726F63
766372206F742079
70637400646E775F
696C617065656B5F
61766E69203A6576
006263702064696C
776F6C735F706374
64696D203A726D74
2070637420656C64
745F706374203D21
6400736263705F77
616572635F706368
203A67736D5F6574
6874206B63656863
7473726966207461
6163206675627020
7320646C6F68206E
6864207463757274
710067736D5F7063
4C4C554E203D2120
74206B6365686300
7372696620746168
6320667562702074
20646C6F68206E61
6520746375727473
64685F7072616874
6165725F70690072
63667562705F7373
203D3E20746E756F
594850006E656C63
30203D2031444920
2820786C34302578
3020746365707865
0A29786C34302578
63743E2D67657300
746F6E2072646870
64656E67696C6120
74756F5F70637400
766E69203A747570
6263702064696C61
7069776C2F2E2E00
726F632F6372732F
00632E736E642F65
656572665F6D656D
7974696E6173203A
61206B6365686320
746E656D6E67696C
6263705F70637400
3A65766F6D65725F
64696C61766E6920
7063740062637020
5F74696D7865725F
6E69203A74736166
63702064696C6176
69776C2F2E2E0062
6F632F6372732F70
2F347670692F6572
676172665F347069
6620746F6E00632E
68746C6174737269
73756A206867756F
756575716E652074
776C2F2E2E006465
632F6372732F7069
2E6D656D2F65726F
616D5F6D656D0063
6C61203A636F6C6C
2064657461636F6C
6E2079726F6D656D
65766F626120746F
646E655F6D617220
6E695F706374002E
746361203A747570
2D62637020657669
212065746174733E
572D454D4954203D
5F70637400544941
70203A7475706E69
7478656E3E2D6263
20626370203D2120
2065726F66656228
7400296568636163
5F646E65735F7063
63615F7974706D65
6C61766E69203A6B
7400626370206469
20646E69625F7063
000A64656C696166
3A746F6F6274656E
696E657473696C20
4354206E6F20676E
252074726F702050
776C2F2E2E000A75
632F6372732F7069
6974656E2F65726F
65736E7500632E66
656D67657320746E
6B61656C2073746E
6274656E00676E69
6E6F63203A746F6F
206E6F697463656E
6465747065636361
746E65736E75000A
7A69737265766F5F
74616D73696D2065
2D62637028206863
20746E65736E753E
294C4C554E207369
736E6F6974706F00
6C696620746F6E20
5F7064750064656C
69203A7475706E69
702064696C61766E
696C617600667562
7461645F65746164
656E3A6D61726761
21667562705F7478
7453004C4C554E3D
4420676E69747261
000A2E2E2E504348
2064696C61766E69
007265746E696F70
2F7069776C2F2E2E
65726F632F637273
00632E667562702F
75706E695F706374
7669746361203A74
733E2D6263702065
203D212065746174
74004E455453494C
74616572635F7063
6E656D6765735F65
6C61766E69203A74
0066756270206469
2F7069776C2F2E2E
65726F632F637273
74652F347670692F
6D00632E70726168
3A656572665F6D65
6C6167656C6C6920
0079726F6D656D20
6165725F66756270
2071203A636F6C6C
004C4C554E203D21
4C554E203D212070
696C61766E69004C
7420667562702064
5F70637400657079
725F657461647075
775F6E6E615F7663
61766E69203A646E
006263702064696C
3D206E656C3E2D70
706368640030203D
6665725F6263705F
3A2928746E756F63
6E756F6366657220
00726F7272652074
73736165725F7069
756F63667562705F
6270203D3E20746E
656572665F736675
657320736E640064
74756F2072657672
6172726120666F20
6C3E2D6263700079
2D72656E65747369
207470656363613E
004C4C554E203D21
636E75206465656E
702064656E696168
723E2D7000667562
0031203D3D206665
6D69742050434844
9480E22074756F65
7320676E69737520
6166206369746174
000A6B6361626C6C
7473696C5F706374
656C696166206E65
5F706D656D000A64
656D203A65657266
7265706F7270206D
6E67696C6120796C
725F77656E006465
775F6E6E615F7663
7830203D3C20646E
7063740066666666
696C5F656572665F
4C21203A6E657473
6370004E45545349
73756665723E2D62
20617461645F6465
004C4C554E203D3D
75706E695F706374
3E2D626370203A74
3D21206574617473
004445534F4C4320
3A7473725F706374
64696C61766E6920
5F65746F6D657220
3A50434844007069
6D616E74736F6820
6F6F742073692065
2E0021676E6F6C20
705F7069776C2F2E
656874652F74726F
632E666974656E72
746F6E2064696400
6C612079706F6320
740061746164206C
74776F6C735F7063
69746361203A726D
3E2D626370206576
3D21206574617473
41572D454D495420
3E2D626370005449
2026207367616C66
4F4C4358525F4654
5F70637400444553
5F65756575716E65
6E203A7367616C66
6874696520646565
535F504354207265
435420726F204E59
6E69204E49465F50
28207367616C6620
6D6D6172676F7270
616C6F6976207265
2949504120736574
6972775F70637400
66756270203A6574
657571206E6F2073
7461203E3D206575
6F20747361656C20
657565757120656E
706D652D6E6F6E20
6B63656863007974
6966207461687420
6675627020747372
6C6F68206E616320
7463757274732064
7264685F70647520
6E6F635F64636100
61635F7463696C66
21206B6361626C6C
63004C4C554E203D
616874206B636568
2074737269662074
6E61632066756270
747320646C6F6820
5F70692074637572
203D3D3D00726468
5043737375616C4B
6F6F6274656E2055
6E000A3D3D3D2074
203A746F6F627465
202C736D20756C25
2F42694B20756C25
6D00666E69000A73
3A656572665F6D65
6C6167656C6C6920
3A79726F6D656D20
6E696C2D6E6F6E20
756F64203A64656B
6565726620656C62
7069776C2F2E2E00
726F632F6372732F
00632E7063742F65
656365725F706374
6C6176203A657669
6575657571206469
006874676E656C20
75716E655F706374
67616C665F657565
6C61766E69203A73
656D676573206469
74676E656C20746E
3D21207263700068
656E004C4C554E20
65726C6120666974
6564646120796461
5F666974656E0064
65725F6575737369
69203A7374726F70
6E2064696C61766E
7562700066697465
203A656B61745F66
2064696C61766E69
2F2E2E0066756270
6372732F7069776C
61722F65726F632F
6C2F2E2E00632E77
2F6372732F706977
6D69742F65726F63
00632E7374756F65
3E206E656C3E2D70
700066666F70203D
69203D2120766572
74696E6173007270
006B636568632079
20676E6974696157
6B6E696C20726F66
706374000A2E2E2E
726D74776F6C735F
657669746361203A
74733E2D62637020
4C203D2120657461
6374004E45545349
695F7478656E5F70
61766E69203A7373
006263702064696C
75706E695F706374
7669746361203A74
733E2D6263702065
203D212065746174
6E004445534F4C43
6E656D676573206F
657266206F742074
7264646170690065
4C4C554E203D2120
6E695F706D636900
736572203A747570
6F20676E69726F74
206C616E69676972
6F6C7961703E2D70
656C696166206461
2D666974656E0064
5F7264646177683E
7473756D206E656C
6F66203620656220
6E72656874652072
757074756F5F7465
6F6274656E002174
6E75616C203A746F
727020676E696863
7461206D6172676F
786C383025783020
616D5F6D656D000A
6C61203A636F6C6C
2064657461636F6C
702079726F6D656D
20796C7265706F72
2E64656E67696C61
72665F6675627000
723E2D70203A6565
740030203E206665
3A656572665F7063
004E455453494C20
5F6765735F706374
6E69203A79706F63
65732064696C6176
206B636568630067
7269662074616874
2066756270207473
646C6F68206E6163
656D20706D636920
6270006567617373
656572665F736675
6E656C63202B2064
66667830203D3C20
745F6D656D006666
75746572206D6972
3D20722064656E72
75004C4C554E203D
732064656B63616E
2073746E656D6765
00676E696B61656C
646E65735F706374
6E69203A6E69665F
63702064696C6176
2074276E6F640062
706374206C6C6163
742F74726F62615F
646E6162615F7063
6C20726F66206E6F
63702D6E65747369
74276E6F64007362
6374206C6C616320
74757074756F5F70
73696C20726F6620
736263702D6E6574
6972775F70637400
70206F6E203A6574
206E6F2073667562
3E3D206575657571
75712068746F6220
706D652073657565
776C2F2E2E007974
632F6372732F7069
347670692F65726F
00632E706D63692F
206E776F6E6B6E75
6C6261745F736E64
207972746E652065
6D003A6574617473
6F6C6C616D5F6D65
6572666C21203A63
00646573753E2D65
2F7069776C2F2E2E
65726F632F637273
74756F5F7063742F
6F743E2D7000632E
3D3E206E656C5F74
006E656C74706F20
6F68732050434844
6520656220646C75
612064656C62616E
7020736968742074
7562202C746E696F
2073692074692074
6368640021746F6E
6E6F6974706F5F70
6F203A657479625F
6F5F736E6F697470
3C206E656C5F7475
504F5F5043484420
454C5F534E4F4954
6E2073696874004E
7020612073646565
6F206E6920667562
656365697020656E
69776C2F2E2E0021
6F632F6372732F70
2E706D656D2F6572
696C61766E690063
745F667562702064
5F70637400657079
3A726D74776F6C73
7020747372696620
6374203D3D206263
6263705F77745F70
63705F7063740073
65766F6D65725F62
696C61766E69203A
73696C6263702064
736E6F636E690074
6F20746E65747369
20657A6973726576
006E656C202E7376
70732074276E6143
6D6765732074696C
6F746E6920746E65
206874676E656C20
65725F7063740030
6F74725F74696D78
696C61766E69203A
2E2E006263702064
72732F7069776C2F
692F65726F632F63
706368642F347670
5F7063686400632E
203A6E6F6974706F
5F736E6F6974706F
206E656C5F74756F
706F202B2032202B
6E656C5F6E6F6974
50434844203D3C20
534E4F4954504F5F
707261004E454C5F
695B656C6261745F
2065746174732E5D
49444E4550203D3D
545320726F20474E
74656E00454C4241
6572203A746F6F62
2520646576696563
736574796220756C
207972746E65202C
2C786C3830257830
25783020736B6320
4250000A786C3830
5F4C4F4F505F4655
20455A4953465542
206562207473756D
7420726567676962
5F4D454D206E6168
4E454D4E47494C41
74657366666F0054
3D3C206D6F72665F
2D6D6F72665F7020
766E69006E656C3E
636F732064696C61
746174732074656B
657220726F662065
626C6C6163207663
5F706374006B6361
6E69775F6F72657A
626F72705F776F64
6C61766E69203A65
7300626370206469
6863207974696E61
6B6E696C206B6365
007473696C206465
207075206B6E694C
78303D52534D4228
000A29786C343025
796E616D206F6F74
2C73666974656E20
7573202E78616D20
20646574726F7070
69207265626D756E
6270003535322073
636F6C6C615F6675
656E6F727265203A
657079742073756F
6365725F70637400
6374203A65766965
72203E206E656C70
7400646E775F7663
203A7473725F7063
2064696C61766E69
70695F6C61636F6C
6261745F70726100
695F7072615B656C
746174732E5D7864
485445203D3E2065
544154535F505241
454C424154535F45
7069776C2F2E2E00
74656E2F6372732F
72656874652F6669
637400632E74656E
7669656365725F70
656D676573203A65
7420746F6E20746E
632064656D6D6972
796C74636572726F
65736F6F206F7420
0065756575712071
61636F6C5F73736D
6F6F74207369206C
70006C6C616D7320
206765735F766572
004C4C554E203D21
6C6261745F707261
6174732E5D695B65
5445203D3D206574
4154535F50524148
5954504D455F4554
6920796172726100
74756F207865646E
6E756F6220666F20
6F743E2D70007364
3D3D206E656C5F74
206E656C3E2D7020
7473616C20666F28
6E69206675627020
00296E6961686320
776F6C735F706374
6570203A726D6974
6974207473697372
697720676E696B63
7974706D65206874
756220646E657320
7063740072656666
6E65735F6666655F
656E5F73736D5F64
766E69203A666974
7473642064696C61
5F7063740070695F
6E5F747065636361
766E69203A6C6C75
6263702064696C61
6E733E2D62637000
6C65756575715F64
700030203E206E65
6F747375633E2D63
665F656572665F6D
206E6F6974636E75
004C4C554E203D21
6F6F742066756270
002174726F687320
746972775F706374
6B63656863203A65
6966207461687420
6675627020747372
6C6F68206E616320
6F63206568742064
73206574656C706D
5352006E656C6765
786520746F6E2054
6820646574636570
7379730021657265
74756F656D69745F
756F656D6974203A
4C554E203D212074
206C6F6F70202C4C
5359535F504D454D
54554F454D49545F
74706D6520736920
69776C2F2E2E0079
6F632F6372732F70
632E7064752F6572
706E695F70647500
61766E69203A7475
6974656E2064696C
20666974656E0066
004C4C554E203D21
65766F2065707974
636900776F6C6672
7475706E695F706D
676E69766F6D203A
6C7961703E2D7220
69206F742064616F
6461656820706D63
656C696166207265
696C61766E690064
70207478656E2064
2066756270007274
7265766F20666572
70637400776F6C66
726D74776F6C735F
656C6464696D203A
203D212070637420
697463615F706374
00736263705F6576
776F6C735F706374
726966203A726D74
3D20626370207473
63615F706374203D
6263705F65766974
69776C2F2E2E0073
6F632F6372732F70
695F7063742F6572
6E3E2D7000632E6E
4E203D2120747865
5F706374004C4C55
70203A7475706E69
7478656E3E2D6263
20626370203D2120
6320726574666128
6374002965686361
3A7475706E695F70
41572D454D495420
3E2D626370205449
3D3D206574617473
41572D454D495420
3E2D626370005449
756575715F646E73
203D3E206E656C65
656C635F66756270
3E2D7478656E286E
775F706374002970
6163203A65746972
6E6F6320746F6E6E
6574616E65746163
6370206E65687720
6E65736E753E2D62
706D652073692074
775F706374007974
6176203A65746972
756575712064696C
6874676E656C2065
3C2074696C707300
63740073736D203D
756575716E655F70
3A7367616C665F65
64696C61766E6920
6568630062637020
2074616874206B63
6270207473726966
68206E6163206675
7572747320646C6F
685F706374207463
776C2F2E2E007264
632F6372732F7069
347670692F65726F
6E00632E3470692F
6F6976657270206F
6D67617266207375
696874202C746E65
62207473756D2073
6966206568742065
6761726620747372
6C6B0021746E656D
0075706373737561
6D6974206B6E694C
4D42282074756F65
34302578303D5253
756C70000A29786C
3A73656C6F685F67
73753E2D6D656D20
0030203D3D206465
706F635F66756270
64656C6961662079
6F6C735F70637400
70203A726D697477
7420747369737265
7720676E696B6369
662D6E6920687469
616420746867696C
6F743E2D70006174
3D3D206E656C5F74
7478656E3E2D7020
656C5F746F743E2D
72775F706374006E
747865203A657469
6F206E6F69736E65
6572656665722066
757165722065636E
6665722073657269
2E0065636E657265
732F7069776C2F2E
2F65726F632F6372
6463612F34767069
72006E616E00632E
7220626370207761
6C6C616320766365
746C61206B636162
7562702064657265
616F6C7961702066
65746E696F702064
756F687469772072
676E697461652074
0074656B63617020
61632074276E6F64
725F706374206C6C
6F66206465766365
6E657473696C2072
637400736263702D
6D74776F6C735F70
7669746361203A72
733E2D6263702065
203D212065746174
74004445534F4C43
74696C70735F7063
5F746E65736E755F
766E69203A676573
6263702064696C61
6E695F7063686400
65725F6263705F63
2928746E756F6366
79726F6D656D203A
6F6E006B61656C20
2074656B63617020
6120736575657571
00216465776F6C6C
7266206B63656863
2073746E656D6761
766F2074276E6F64
62700070616C7265
6C6C6165725F6675
3D212070203A636F
6954004C4C554E20
69742074756F656D
6C206F6F7420656D
78616D202C676E6F
5049574C20736920
5F3233544E49555F
736D20342F58414D
5F64636100736365
292865766F6D6572
6F6E20646361203A
73696C206E6F2074
745F707261000A74
2E5D695B656C6261
4C554E203D3D2071
2D666974656E004C
5F7264646177683E
45203D3D206E656C
44444157485F4854
656E004E454C5F52
6177683E2D666974
206E656C5F726464
206562207473756D
656D617320656874
5F48544520736120
4C5F524444415748
6520726F66204E45
7400217072616874
7475706E695F7063
696C61766E69203A
7400667562702064
69656365725F7063
6E6F7277203A6576
0065746174732067
7369736E6F636E69
65766F20746E6574
737620657A697372
006563617073202E
746972775F706374
70204D4F52203A65
6E61632073667562
6F20656220746F6E
64657A6973726576
716E655F70637400
616C665F65756575
61766E69203A7367
756575712064696C
6874676E656C2065
7865725F70637400
5F6F74725F74696D
3A65726170657270
64696C61766E6920
7562700062637020
65766F6D65725F66
207265646165685F
630064656C696166
636564206B636568
007864695F65646F
656E3E2D76657270
7069203D3D207478
656E5F7063740072
64656C6961662077
41205049776C000A
7325205452455353
0A7325203A64253A
6972745F6D656D00
6C6167656C203A6D
0079726F6D656D20
6C6F685F67756C70
206D656D203A7365
6E655F6D6172203C
2E6765736E690064
4C554E203D212070
656E61736E69004C
2174657366666F20
7A69737265766F00
740030203D3D2065
6575716E655F7063
7367616C665F6575
206B63656863203A
7269662074616874
2066756270207473
646C6F68206E6163
006E656C74706F20
6D7865725F706374
61766E69203A7469
006263702064696C
0300296C6C756E28
0201786030180C06
0707070706050403
00061C0301070707
FFFFFFFF00000000
0000FFFFFFFFFFFF
11F0000000000000
0000000000000000
1000000000000000
0000000000000000
14ADF4B7320334B9
0E549208B31ADB10
1ABA4714957D300D
6DC6AD264D8F0866
1145B7E285BF98F5
EB1DBD923D8596CA
1652EFDC6018A1FC
B4C1B80B22AE923C
1CDA62055B2D9D83
5BB28B4E8F7E4C30
12A5568B9F52F416
F08AED437682D4FB
1819651531F9E78F
B4EE134AD99BF150
1F25C186A6F04C28
16499ECB70C25F03
1420EB449C8842E6
85A56EAD360865B0
1A03FDE214CAF085
093DB1D57999890B
10CFEB353A97DAD8
CF38BB735E3F36AC
15BAAF44FA52673E
0000000000000001
0000000000000005
0000000000000019
000000000000007D
0000000000000271
0000000000000C35
0000000000003D09
000000000001312D
000000000005F5E1
00000000001DCD65
00000000009502F9
0000000002E90EDD
000000000E8D4A51
0000000048C27395
000000016BCC41E9
000000071AFD498D
0000002386F26FC1
000000B1A2BC2EC5
000003782DACE9D9
00001158E460913D
000056BC75E2D631
0001B1AE4D6E2EF5
000878678326EAC9
002A5A058FC295ED
00D3C21BCECCEDA1
0422CA8B0A00A425
0000000000000000
0000000000000000
5969599540000000
5655551555545555
4055541041150504
4450454044555145
4000400045555550
5556556596440440
4015415154454045
5140555555559155
11F0000000000105
0000000000000001
2000000000000000
52A6C95FC0655034
18C240C4AECB13BB
7CA8D50071DFC806
1327FC58DA0F6FF5
6520247D3556476E
1DA48CE468E7C702
6139CDD76802E6E9
16EF5B40C2FC7779
F951A7FF43DE8C79
11BEBDF578B2F391
7BE8BEE8D6E957E8
1B758D848FAC54B0
8BD3F9E999A423EA
153EDA614071A3B7
0848F973CB3EE3CE
10701BD527B4978C
153285EBB9EFBFA2
196FBB9BB44DB44D
ADEEE7F86C07B696
13AE3591F5B4D936
4D686A4EAF182222
1E74404F3DAADA91
98C0A106E09EBD9F
17900EA4FDA7C257
8F20E37371497D0E
123B140576D820B2
B043138134743D85
1C35F4275F7A29AD
0405554554544554
0040041410041000
4115555540010000
0001004400000454
4400004140000000
5555005450454450
4000400051655554
0001050001000001
0555555451515411
4004000050411500
0000000005040110
0000000000040030
0000000000038CB8
0000000000038D80
0000000000040030
0000000000038D88
0000000000038E50
00000000000400D8
0000000000038E58
00000000000391C0
0000000000020030
00000000000391C8
0000000000039230
0000000000200020
0000000000039238
0000000000039640
0000000000050028
0000000000039648
0000000000039718
00000000000F0028
0000000000039720
0000000000039980
0000000000180020
0000000000039988
0000000000039C90
0000000000200018
0000000000039C98
0000000000039FA0
0000000000200658
0000000000039FA8
0000000000046AB0
0000000000018518
0000000000018530
0000000000018548
0000000000018560
0000000000018578
0000000000018590
00000000000185A8
00000000000185C0
00000000000185D8
00000000000185F0
0000000000046AE0
0000000000046AE8
0000000000046AF0
0000000000046AF8
0000196E0000C000
00000000000000FA
0000000000003FC8
00000000000003E8
0000000000011890
00000000000003E8
000000000000FC20
000000000000EA60
000000000000D2F0
00000000000001F4
000000000000DB40
0000000000000064
000000000000CE90
00000000000003E8
00000000000012E0
000000000000C000
0000000000000001
